Subj_idx,Stimulus,Response,Confidence,RT_dec,Load,Condition,Accuracy,Task,Block
1,0,1,2,4.09065595600032,3.0,0.5,0,wm,3
1,1,1,2,1.41326315100014,3.0,0.5,1,wm,3
1,0,0,2,0.997365535999961,3.0,0.5,1,wm,3
1,1,1,2,0.797202286999891,3.0,1.0,1,wm,3
1,1,1,3,2.35950978400024,3.0,1.0,1,wm,3
1,1,1,2,1.62595348500008,3.0,1.0,1,wm,3
1,0,0,2,1.39492711599996,3.0,0.5,1,wm,3
1,0,0,2,1.02017077400023,3.0,0.5,1,wm,3
1,0,1,2,1.30424471200013,3.0,1.0,0,wm,3
1,0,1,2,0.892102800999965,3.0,0.5,0,wm,3
1,1,1,3,1.14468633199976,3.0,1.0,1,wm,3
1,1,0,2,1.65043347900018,3.0,1.0,0,wm,3
1,0,0,2,2.26639146700018,3.0,1.0,1,wm,3
1,0,0,2,2.73919300099988,3.0,0.5,1,wm,3
1,1,1,2,1.85916197000051,3.0,1.0,1,wm,3
1,1,0,2,1.2819368129999,3.0,1.0,0,wm,3
1,0,0,2,1.81216257500046,3.0,0.5,1,wm,3
1,0,1,1,1.98488124600044,3.0,0.5,0,wm,3
1,0,1,3,2.54362278300005,3.0,1.0,0,wm,3
1,0,1,3,1.42495879800026,3.0,0.5,0,wm,3
1,0,0,2,1.37034337099976,3.0,1.0,1,wm,3
1,1,1,2,1.5001110320004,3.0,1.0,1,wm,3
1,0,0,2,2.4879435050002,3.0,0.5,1,wm,3
1,0,0,1,1.30861883299985,3.0,0.5,1,wm,3
1,1,1,2,1.03973389000021,3.0,0.5,1,wm,3
1,1,1,3,3.38590811700033,3.0,1.0,1,wm,3
1,0,1,3,0.940308023999933,3.0,0.5,0,wm,3
1,1,0,2,1.08165924100012,3.0,1.0,0,wm,3
1,0,0,2,1.90948729800039,3.0,1.0,1,wm,3
1,0,0,1,1.05159019600023,3.0,0.5,1,wm,3
1,1,1,3,1.3869519560003,3.0,1.0,1,wm,3
1,0,1,2,0.984180478000326,3.0,0.5,0,wm,3
1,1,1,3,1.79270395499998,3.0,0.5,1,wm,3
1,1,1,2,1.30451579200007,3.0,0.5,1,wm,3
1,0,0,3,0.755456248999963,3.0,1.0,1,wm,3
1,0,0,2,2.03100726299999,3.0,1.0,1,wm,3
1,1,1,3,4.31789013200023,3.0,1.0,1,wm,3
1,1,0,2,1.1375995680005,3.0,0.5,0,wm,3
1,0,0,3,1.50091956200004,3.0,1.0,1,wm,3
1,1,0,2,1.2754319440005,3.0,1.0,0,wm,3
1,0,0,3,1.07464893399992,3.0,0.5,1,wm,3
1,1,1,3,1.11787868300053,3.0,1.0,1,wm,3
1,0,0,1,1.32635528600031,3.0,1.0,1,wm,3
1,1,0,2,2.24875851000024,3.0,1.0,0,wm,3
1,1,1,3,1.95352384500029,3.0,1.0,1,wm,3
1,1,1,3,1.08013944300046,3.0,0.5,1,wm,3
1,0,0,2,1.90213333600013,3.0,1.0,1,wm,3
1,1,1,2,2.56839813500028,3.0,0.5,1,wm,3
1,1,1,2,1.18443339800024,3.0,0.5,1,wm,3
1,1,1,2,1.04230909699982,3.0,1.0,1,wm,3
1,0,1,3,0.843439589999889,3.0,0.5,0,wm,3
1,1,0,2,1.0517160280001,3.0,0.5,0,wm,3
1,0,0,2,1.79070195400027,3.0,1.0,1,wm,3
1,0,1,2,1.51043123099998,3.0,0.5,0,wm,3
1,0,0,2,1.32286687600026,3.0,0.5,1,wm,3
1,1,1,3,0.943891264000285,3.0,0.5,1,wm,3
1,0,1,3,0.787764888000311,3.0,0.5,0,wm,3
1,0,0,2,1.49257503999979,3.0,1.0,1,wm,3
1,1,1,3,0.86197358399977,3.0,1.0,1,wm,3
1,0,1,3,2.62493767500018,3.0,1.0,0,wm,3
1,0,1,1,4.09335454800021,1.0,1.0,0,wm,4
1,1,0,3,1.17829595200055,1.0,1.0,0,wm,4
1,1,1,4,0.678221150999889,1.0,0.5,1,wm,4
1,1,1,4,1.25970356700009,1.0,1.0,1,wm,4
1,1,1,2,1.31505839800002,1.0,0.5,1,wm,4
1,0,0,1,1.04569730000003,1.0,0.5,1,wm,4
1,0,0,2,1.03636823600027,1.0,0.5,1,wm,4
1,0,0,2,2.31415663300049,1.0,1.0,1,wm,4
1,0,0,2,1.02288363200023,1.0,0.5,1,wm,4
1,0,0,3,1.36964278600044,1.0,0.5,1,wm,4
1,0,0,1,2.25612243600062,1.0,0.5,1,wm,4
1,0,0,3,1.30886779199955,1.0,0.5,1,wm,4
1,1,0,2,1.3884157650009,1.0,1.0,0,wm,4
1,0,1,3,0.935445280999375,1.0,0.5,0,wm,4
1,1,1,2,0.966857538000113,1.0,1.0,1,wm,4
1,0,0,2,1.49709044799965,1.0,1.0,1,wm,4
1,1,1,3,0.784547678000308,1.0,0.5,1,wm,4
1,0,0,2,0.974778272000549,1.0,0.5,1,wm,4
1,1,1,4,0.890776547000314,1.0,0.5,1,wm,4
1,1,1,3,1.54949878600019,1.0,1.0,1,wm,4
1,1,0,3,1.41592806100016,1.0,0.5,0,wm,4
1,1,0,2,1.38560401699942,1.0,1.0,0,wm,4
1,1,1,4,1.17213963900031,1.0,0.5,1,wm,4
1,0,1,2,0.855780259000312,1.0,0.5,0,wm,4
1,1,1,3,0.824868218999654,1.0,1.0,1,wm,4
1,0,1,2,1.04155159600032,1.0,1.0,0,wm,4
1,1,1,3,0.735987779999959,1.0,0.5,1,wm,4
1,1,1,2,1.16089563400055,1.0,0.5,1,wm,4
1,0,0,2,0.897280182000031,1.0,0.5,1,wm,4
1,1,0,2,1.14055203499993,1.0,1.0,0,wm,4
1,1,0,2,1.16151524500037,1.0,0.5,0,wm,4
1,0,0,2,1.03949844199997,1.0,0.5,1,wm,4
1,0,1,3,1.18896874700022,1.0,1.0,0,wm,4
1,0,0,1,1.29753597500076,1.0,0.5,1,wm,4
1,0,0,2,0.909929578000629,1.0,1.0,1,wm,4
1,1,1,2,0.86614389099941,1.0,0.5,1,wm,4
1,0,0,3,0.982223185000294,1.0,0.5,1,wm,4
1,1,1,2,1.14812240399988,1.0,0.5,1,wm,4
1,1,1,1,0.758736662000047,1.0,1.0,1,wm,4
1,1,1,2,1.42143082999974,1.0,1.0,1,wm,4
1,1,1,2,0.860934266000186,1.0,1.0,1,wm,4
1,1,1,2,0.762342818000434,1.0,1.0,1,wm,4
1,0,0,3,1.26839708399984,1.0,0.5,1,wm,4
1,1,1,3,1.91218544300045,1.0,0.5,1,wm,4
1,0,1,2,2.09267855900089,1.0,1.0,0,wm,4
1,0,0,3,1.06952900200031,1.0,1.0,1,wm,4
1,1,1,2,0.730073915000503,1.0,0.5,1,wm,4
1,1,1,2,0.986250491000646,1.0,0.5,1,wm,4
1,0,0,2,1.64540031500019,1.0,0.5,1,wm,4
1,1,1,2,1.3319594400009,1.0,1.0,1,wm,4
1,0,0,1,1.13442277700051,1.0,0.5,1,wm,4
1,1,0,1,0.942308968000361,1.0,0.5,0,wm,4
1,0,0,2,1.96796532299959,1.0,0.5,1,wm,4
1,1,1,3,1.33851880700058,1.0,1.0,1,wm,4
1,1,1,3,1.06686684100077,1.0,0.5,1,wm,4
1,1,1,2,0.869054738000159,1.0,1.0,1,wm,4
1,0,0,2,0.938034628000423,1.0,1.0,1,wm,4
1,0,0,2,1.00304175600013,1.0,1.0,1,wm,4
1,1,1,4,2.71418319199984,1.0,0.5,1,wm,4
1,1,0,3,0.49241844000062,1.0,1.0,0,wm,4
2,1,1,3,1.39636977800046,1.0,1.0,1,wm,3
2,1,1,2,1.14705115200013,1.0,1.0,1,wm,3
2,0,0,3,1.84044817299991,1.0,0.5,1,wm,3
2,0,0,3,1.46624942800008,1.0,0.5,1,wm,3
2,0,0,2,8.80283833900012,1.0,0.5,1,wm,3
2,0,1,2,1.73810768600015,1.0,0.5,0,wm,3
2,0,1,2,1.27082197100026,1.0,0.5,0,wm,3
2,1,0,2,1.196236107,1.0,1.0,0,wm,3
2,1,0,2,1.3303141639999,1.0,1.0,0,wm,3
2,0,0,2,1.88474914800008,1.0,1.0,1,wm,3
2,0,0,2,1.40764007600001,1.0,0.5,1,wm,3
2,0,0,2,1.37121181200018,1.0,1.0,1,wm,3
2,1,0,2,1.33728342100039,1.0,0.5,0,wm,3
2,0,1,2,1.50950052200051,1.0,0.5,0,wm,3
2,1,1,2,1.72436420099984,1.0,1.0,1,wm,3
2,1,1,2,1.59839264500033,1.0,0.5,1,wm,3
2,1,0,2,1.65553136300014,1.0,0.5,0,wm,3
2,0,1,2,1.78745997299984,1.0,0.5,0,wm,3
2,1,0,2,1.349449671,1.0,1.0,0,wm,3
2,0,0,3,1.194371606,1.0,0.5,1,wm,3
2,0,1,2,1.21823636699992,1.0,0.5,0,wm,3
2,0,1,2,1.54670345900013,1.0,0.5,0,wm,3
2,0,0,2,1.48515555199992,1.0,0.5,1,wm,3
2,0,1,2,1.31833654100001,1.0,1.0,0,wm,3
2,0,0,2,1.29054896200023,1.0,1.0,1,wm,3
2,0,1,2,1.72001466999973,1.0,1.0,0,wm,3
2,1,1,3,1.30058130099997,1.0,1.0,1,wm,3
2,1,1,3,1.12216275499986,1.0,0.5,1,wm,3
2,0,0,3,1.88300653000033,1.0,1.0,1,wm,3
2,1,0,3,1.39154061500039,1.0,0.5,0,wm,3
2,1,1,2,1.67828121699995,1.0,1.0,1,wm,3
2,1,1,2,1.51096791999998,1.0,1.0,1,wm,3
2,0,0,2,1.789900794,1.0,0.5,1,wm,3
2,1,1,2,1.19815955700005,1.0,1.0,1,wm,3
2,1,1,2,1.32718831700049,1.0,1.0,1,wm,3
2,1,0,2,1.45624610999994,1.0,1.0,0,wm,3
2,0,0,2,1.34551742800022,1.0,1.0,1,wm,3
2,1,0,2,1.14793936100023,1.0,1.0,0,wm,3
2,0,1,2,1.38764980700034,1.0,1.0,0,wm,3
2,1,0,2,1.5575379310003,1.0,1.0,0,wm,3
2,0,1,2,1.49723864599991,1.0,0.5,0,wm,3
2,0,1,2,1.56872584500024,1.0,1.0,0,wm,3
2,0,0,2,1.23160824200022,1.0,0.5,1,wm,3
2,1,0,2,1.18529521299979,1.0,1.0,0,wm,3
2,1,1,2,1.22482694000018,1.0,0.5,1,wm,3
2,0,1,1,1.31191092100016,1.0,1.0,0,wm,3
2,0,0,2,1.02621570100018,1.0,0.5,1,wm,3
2,0,0,2,0.939250018000166,1.0,1.0,1,wm,3
2,0,0,2,1.22752018799974,1.0,1.0,1,wm,3
2,0,0,2,1.68270506900035,1.0,1.0,1,wm,3
2,0,0,2,1.10219645500001,1.0,0.5,1,wm,3
2,0,0,2,1.75726009900018,1.0,0.5,1,wm,3
2,0,0,2,0.87766999600035,1.0,0.5,1,wm,3
2,0,0,2,0.893505063000248,1.0,0.5,1,wm,3
2,1,1,2,1.1618687160003,1.0,1.0,1,wm,3
2,1,0,2,0.851040500000181,1.0,1.0,0,wm,3
2,0,1,2,1.13297459200021,1.0,0.5,0,wm,3
2,1,0,2,0.786272327000006,1.0,1.0,0,wm,3
2,0,0,2,1.05091294000022,1.0,0.5,1,wm,3
2,1,0,2,1.14920463600038,1.0,0.5,0,wm,3
2,1,1,1,1.31809448200011,3.0,0.5,1,wm,4
2,1,1,1,1.03903181799978,3.0,1.0,1,wm,4
2,0,0,1,0.274024825000197,3.0,0.5,1,wm,4
2,0,0,1,2.06770201400013,3.0,0.5,1,wm,4
2,1,0,1,2.20880340500025,3.0,1.0,0,wm,4
2,0,0,1,1.84523720300012,3.0,1.0,1,wm,4
2,1,1,1,1.8456721030002,3.0,0.5,1,wm,4
2,0,1,1,1.00569128300003,3.0,0.5,0,wm,4
2,1,1,1,1.01448637900012,3.0,0.5,1,wm,4
2,0,1,1,1.12385572400035,3.0,1.0,0,wm,4
2,1,0,1,0.854865249999875,3.0,1.0,0,wm,4
2,1,1,2,0.670465212000181,3.0,1.0,1,wm,4
2,1,1,1,0.634982714000216,3.0,0.5,1,wm,4
2,1,1,2,0.797291748000134,3.0,0.5,1,wm,4
2,0,1,2,0.848017869000159,3.0,1.0,0,wm,4
2,0,1,2,0.538739802000237,3.0,0.5,0,wm,4
2,1,1,2,0.715128467000341,3.0,0.5,1,wm,4
2,1,1,1,0.326205996000226,3.0,1.0,1,wm,4
2,1,1,2,1.91722413200023,3.0,1.0,1,wm,4
2,0,1,2,1.44750699099995,3.0,0.5,0,wm,4
2,0,0,2,1.38092568299999,3.0,0.5,1,wm,4
2,0,1,2,1.33423013299989,3.0,0.5,0,wm,4
2,1,0,3,1.23459038700003,3.0,0.5,0,wm,4
2,1,1,2,1.27191549400004,3.0,0.5,1,wm,4
2,1,0,2,1.65270068200016,3.0,0.5,0,wm,4
2,0,0,2,1.18061502000046,3.0,1.0,1,wm,4
2,0,0,2,1.56514066000045,3.0,1.0,1,wm,4
2,0,0,2,0.964510707000045,3.0,1.0,1,wm,4
2,0,0,2,1.12092459999985,3.0,0.5,1,wm,4
2,1,0,2,0.350748801999998,3.0,0.5,0,wm,4
2,1,0,2,1.53809907500045,3.0,1.0,0,wm,4
2,1,4,2,1.65513804300008,3.0,0.5,0,wm,4
2,1,4,2,1.33815622300017,3.0,1.0,0,wm,4
2,0,1,1,1.15643783899941,3.0,0.5,0,wm,4
2,1,0,3,1.2643522999997,3.0,1.0,0,wm,4
2,1,0,2,1.65067195000029,3.0,0.5,0,wm,4
2,1,0,2,1.46254144700106,3.0,0.5,0,wm,4
2,1,1,2,1.33081105500059,3.0,0.5,1,wm,4
2,0,1,2,1.40141800700076,3.0,1.0,0,wm,4
2,1,1,2,1.10897132300033,3.0,0.5,1,wm,4
2,1,0,1,1.12726610399932,3.0,0.5,0,wm,4
2,1,1,2,1.41376870099975,3.0,1.0,1,wm,4
2,0,1,2,1.99060291300066,3.0,0.5,0,wm,4
2,1,1,2,1.95301423099954,3.0,0.5,1,wm,4
2,1,0,2,1.28691258800063,3.0,0.5,0,wm,4
2,1,0,2,4.92986342400036,3.0,0.5,0,wm,4
2,1,0,2,0.496292348000679,3.0,0.5,0,wm,4
2,0,1,2,1.49117736300013,3.0,1.0,0,wm,4
2,0,0,2,0.589674595999895,3.0,0.5,1,wm,4
2,0,1,2,1.61462216099972,3.0,1.0,0,wm,4
2,1,1,2,1.65972619700005,3.0,0.5,1,wm,4
2,1,0,2,1.77376216900029,3.0,1.0,0,wm,4
2,0,0,2,0.960625972000344,3.0,1.0,1,wm,4
2,1,0,2,1.7491030730007,3.0,0.5,0,wm,4
2,0,0,2,0.438775875999454,3.0,1.0,1,wm,4
2,0,0,1,0.367881979000231,3.0,1.0,1,wm,4
2,0,0,1,1.09859423000034,3.0,0.5,1,wm,4
2,1,0,1,0.80386783799986,3.0,0.5,0,wm,4
2,1,1,2,1.28046610900037,3.0,1.0,1,wm,4
2,1,0,1,0.993472520000068,3.0,0.5,0,wm,4
3,0,0,2,2.09231666600044,3.0,1.0,1,wm,3
3,1,0,2,2.93869070800065,3.0,0.5,0,wm,3
3,0,1,2,3.31857712000055,3.0,0.5,0,wm,3
3,0,0,3,1.73677242500071,3.0,1.0,1,wm,3
3,0,0,2,1.83563506300015,3.0,1.0,1,wm,3
3,1,0,3,1.46796441799961,3.0,0.5,0,wm,3
3,0,0,3,1.43331134999971,3.0,0.5,1,wm,3
3,1,0,3,3.5037232550003,3.0,0.5,0,wm,3
3,0,0,3,2.18069983399982,3.0,0.5,1,wm,3
3,0,1,2,1.47008145600012,3.0,0.5,0,wm,3
3,1,1,3,1.21527626800071,3.0,1.0,1,wm,3
3,0,0,2,1.89655875500102,3.0,1.0,1,wm,3
3,0,1,2,2.12671874300031,3.0,0.5,0,wm,3
3,1,1,3,1.37250009800027,3.0,1.0,1,wm,3
3,0,0,3,1.24258570600068,3.0,0.5,1,wm,3
3,1,0,2,3.90566546600076,3.0,0.5,0,wm,3
3,1,1,3,2.13176928900066,3.0,0.5,1,wm,3
3,1,0,3,1.98891892099982,3.0,1.0,0,wm,3
3,0,0,3,1.31378236,3.0,0.5,1,wm,3
3,1,1,1,1.89715775199966,3.0,0.5,1,wm,3
3,1,1,2,1.70688254400102,3.0,1.0,1,wm,3
3,0,1,1,1.33447735699974,3.0,0.5,0,wm,3
3,1,0,3,1.50763863600059,3.0,1.0,0,wm,3
3,1,1,2,1.23886031100028,3.0,1.0,1,wm,3
3,0,1,1,1.23245452900028,3.0,1.0,0,wm,3
3,0,0,2,1.00138492099995,3.0,1.0,1,wm,3
3,1,1,2,1.27964921900093,3.0,0.5,1,wm,3
3,1,1,2,5.67911646700031,3.0,1.0,1,wm,3
3,0,0,2,1.11301125800037,3.0,0.5,1,wm,3
3,1,1,2,1.16309283800001,3.0,0.5,1,wm,3
3,1,1,2,1.06553308599996,3.0,1.0,1,wm,3
3,0,0,2,1.28962549400057,3.0,1.0,1,wm,3
3,0,0,2,1.57713454700024,3.0,0.5,1,wm,3
3,1,1,2,1.58070711400069,3.0,1.0,1,wm,3
3,0,0,1,10.0520101809998,3.0,1.0,1,wm,3
3,0,1,2,1.23672962100045,3.0,0.5,0,wm,3
3,0,1,1,1.16268916100034,3.0,1.0,0,wm,3
3,0,0,2,1.18288707500051,3.0,1.0,1,wm,3
3,1,0,3,1.53127146700081,3.0,0.5,0,wm,3
3,0,0,3,2.16951654599961,3.0,0.5,1,wm,3
3,0,0,1,3.5373669920009,3.0,1.0,1,wm,3
3,0,0,3,2.06524749900018,3.0,0.5,1,wm,3
3,1,1,3,1.39520080400052,3.0,1.0,1,wm,3
3,1,1,2,1.27712525700008,3.0,1.0,1,wm,3
3,1,1,2,2.64884973400058,3.0,1.0,1,wm,3
3,1,1,2,1.14050517800024,3.0,0.5,1,wm,3
3,0,0,2,1.40865815699999,3.0,1.0,1,wm,3
3,1,1,2,1.3339275090002,3.0,1.0,1,wm,3
3,0,0,3,2.09284011600084,3.0,0.5,1,wm,3
3,1,1,2,1.22799697000028,3.0,0.5,1,wm,3
3,0,0,3,1.28184896699986,3.0,0.5,1,wm,3
3,1,1,1,2.55136387200037,3.0,1.0,1,wm,3
3,0,0,2,1.89562859200032,3.0,0.5,1,wm,3
3,1,1,2,1.40289779000068,3.0,0.5,1,wm,3
3,0,0,2,1.31232554800044,3.0,1.0,1,wm,3
3,1,0,2,1.91045805600061,3.0,1.0,0,wm,3
3,0,1,2,1.80081153600077,3.0,1.0,0,wm,3
3,0,1,2,1.09022178900068,3.0,0.5,0,wm,3
3,1,1,2,0.987426403000427,3.0,0.5,1,wm,3
3,0,0,2,2.09776160100046,3.0,1.0,1,wm,3
3,1,0,3,2.01722348800013,1.0,1.0,0,wm,4
3,1,1,2,1.82009717700021,1.0,1.0,1,wm,4
3,0,1,2,1.36271734599995,1.0,0.5,0,wm,4
3,0,0,3,1.24860398600049,1.0,1.0,1,wm,4
3,0,0,2,2.02492001900009,1.0,1.0,1,wm,4
3,1,1,4,1.18904495100105,1.0,1.0,1,wm,4
3,1,1,3,1.1077520380004,1.0,1.0,1,wm,4
3,0,1,3,1.13347904700095,1.0,0.5,0,wm,4
3,0,0,2,1.18388871600018,1.0,1.0,1,wm,4
3,1,1,2,1.03553777400066,1.0,0.5,1,wm,4
3,0,0,2,1.02303770599974,1.0,0.5,1,wm,4
3,1,1,1,1.59281422800086,1.0,1.0,1,wm,4
3,1,0,2,1.17890720300056,1.0,0.5,0,wm,4
3,0,0,2,2.10515932700037,1.0,0.5,1,wm,4
3,0,0,2,3.25104658100008,1.0,0.5,1,wm,4
3,1,1,1,1.2587316070003,1.0,0.5,1,wm,4
3,1,1,2,0.952125743000579,1.0,1.0,1,wm,4
3,1,0,2,1.17090924200056,1.0,1.0,0,wm,4
3,1,1,2,1.22646510400045,1.0,0.5,1,wm,4
3,0,1,2,2.36389901600069,1.0,1.0,0,wm,4
3,0,0,2,1.30369706800047,1.0,1.0,1,wm,4
3,0,3,1,2.05397999600063,1.0,1.0,0,wm,4
3,0,0,2,1.08479800199984,1.0,0.5,1,wm,4
3,1,1,2,1.020023348,1.0,1.0,1,wm,4
3,1,1,2,1.04368102199987,1.0,0.5,1,wm,4
3,1,1,2,1.91717716899984,1.0,0.5,1,wm,4
3,1,1,2,1.72551708400169,1.0,1.0,1,wm,4
3,1,1,2,1.08341556400046,1.0,1.0,1,wm,4
3,0,1,2,1.15013706500031,1.0,1.0,0,wm,4
3,1,1,2,1.22872824000115,1.0,0.5,1,wm,4
3,1,1,2,1.3357829609995,1.0,0.5,1,wm,4
3,1,1,2,0.967328154001734,1.0,0.5,1,wm,4
3,0,1,2,0.959020226999201,1.0,0.5,0,wm,4
3,1,1,2,1.41466808500081,1.0,0.5,1,wm,4
3,1,1,2,1.11471775000064,1.0,1.0,1,wm,4
3,1,1,2,2.1373076990003,1.0,0.5,1,wm,4
3,1,0,2,1.20804143699934,1.0,1.0,0,wm,4
3,0,1,2,1.35612310900069,1.0,0.5,0,wm,4
3,0,0,2,1.20811095499994,1.0,0.5,1,wm,4
3,1,0,2,1.76311469100074,1.0,1.0,0,wm,4
3,1,1,2,1.28028787800031,1.0,0.5,1,wm,4
3,1,1,1,1.10000018000028,1.0,0.5,1,wm,4
3,1,0,2,1.54566204100047,1.0,0.5,0,wm,4
3,1,0,2,1.37533166100184,1.0,1.0,0,wm,4
3,0,0,1,1.11468257900196,1.0,1.0,1,wm,4
3,0,0,2,4.26833858700047,1.0,1.0,1,wm,4
3,1,1,2,1.46281274099965,1.0,1.0,1,wm,4
3,1,1,2,1.17672967000181,1.0,0.5,1,wm,4
3,1,0,2,1.45288071799951,1.0,1.0,0,wm,4
3,1,1,2,2.06210492000173,1.0,0.5,1,wm,4
3,0,0,2,1.1962427590006,1.0,1.0,1,wm,4
3,1,1,1,1.628946498,1.0,1.0,1,wm,4
3,1,1,1,0.793161396000869,1.0,0.5,1,wm,4
3,0,0,2,4.15292220400079,1.0,0.5,1,wm,4
3,1,1,2,1.24313215999973,1.0,1.0,1,wm,4
3,0,0,2,2.84749624700089,1.0,0.5,1,wm,4
3,0,0,2,1.23893936500099,1.0,1.0,1,wm,4
3,0,1,1,0.873951017001673,1.0,1.0,0,wm,4
3,1,1,2,1.09671027800141,1.0,1.0,1,wm,4
3,0,0,2,2.00945729400155,1.0,1.0,1,wm,4
4,0,4,2,0.49604986399936,1.0,0.5,1,wm,3
4,0,0,3,3.48964134600101,1.0,1.0,1,wm,3
4,1,0,3,1.06518979099928,1.0,1.0,0,wm,3
4,1,1,3,2.28541098999995,1.0,1.0,1,wm,3
4,1,0,1,3.10194210799818,1.0,0.5,0,wm,3
4,1,0,2,4.82769147300132,1.0,0.5,0,wm,3
4,0,0,2,2.17799666099745,1.0,1.0,1,wm,3
4,0,0,2,1.36607047400321,1.0,1.0,1,wm,3
4,0,0,3,0.989830241000163,1.0,0.5,1,wm,3
4,0,0,3,0.511697263995302,1.0,0.5,1,wm,3
4,0,1,3,1.29377210900566,1.0,1.0,0,wm,3
4,1,1,2,1.32787308800471,1.0,0.5,1,wm,3
4,0,0,2,2.49931961500261,1.0,1.0,1,wm,3
4,1,1,2,1.96101277800335,1.0,0.5,1,wm,3
4,1,1,3,1.4781857620037,1.0,0.5,1,wm,3
4,1,1,3,0.953345588997763,1.0,1.0,1,wm,3
4,0,0,3,1.22476634900522,1.0,1.0,1,wm,3
4,1,1,4,2.32811092200427,1.0,1.0,1,wm,3
4,1,1,2,1.4620857090049,1.0,1.0,1,wm,3
4,0,0,3,2.28355470600218,1.0,0.5,1,wm,3
4,1,1,3,2.73494062299869,1.0,0.5,1,wm,3
4,0,0,3,1.66623014600191,1.0,1.0,1,wm,3
4,1,1,3,2.77264617900073,1.0,1.0,1,wm,3
4,1,1,2,1.9506455160008,1.0,0.5,1,wm,3
4,1,1,1,2.03009349300555,1.0,0.5,1,wm,3
4,0,1,1,0.474000064998108,1.0,0.5,0,wm,3
4,0,0,3,0.537551516004896,1.0,1.0,1,wm,3
4,0,0,1,0.707014379004249,1.0,0.5,1,wm,3
4,1,1,2,1.59103684900037,1.0,1.0,1,wm,3
4,1,0,2,2.97268457500468,1.0,1.0,0,wm,3
4,0,0,1,1.19188773699716,1.0,0.5,1,wm,3
4,1,1,2,4.58898560400121,1.0,1.0,1,wm,3
4,0,0,2,2.30379822900431,1.0,0.5,1,wm,3
4,0,0,1,0.843401822006854,1.0,0.5,1,wm,3
4,0,0,1,1.91979118100426,1.0,0.5,1,wm,3
4,1,1,3,1.59843064400047,1.0,1.0,1,wm,3
4,1,1,3,1.70403268100199,1.0,0.5,1,wm,3
4,1,0,2,2.16550044299947,1.0,0.5,0,wm,3
4,0,0,3,1.82181527600187,1.0,1.0,1,wm,3
4,1,1,2,1.68738262800616,1.0,0.5,1,wm,3
4,1,0,1,0.67988198200328,1.0,1.0,0,wm,3
4,0,0,1,0.74428753900429,1.0,1.0,1,wm,3
4,1,1,3,1.00609096500557,1.0,1.0,1,wm,3
4,1,1,2,1.84342534699681,1.0,0.5,1,wm,3
4,1,1,3,1.30092944100033,1.0,1.0,1,wm,3
4,0,0,3,1.16318372100068,1.0,0.5,1,wm,3
4,1,1,3,3.76429535000352,1.0,1.0,1,wm,3
4,1,0,1,0.966190845007077,1.0,1.0,0,wm,3
4,1,0,1,11.9611397670014,1.0,1.0,0,wm,3
4,0,0,1,1.98135465499945,1.0,1.0,1,wm,3
4,1,1,3,1.37364801300282,1.0,1.0,1,wm,3
4,1,1,3,2.59455659499508,1.0,1.0,1,wm,3
4,1,1,3,3.43749545299943,1.0,1.0,1,wm,3
4,0,0,1,0.452046979000443,1.0,1.0,1,wm,3
4,0,0,1,0.538026633003028,1.0,1.0,1,wm,3
4,0,0,2,2.13447483899654,1.0,0.5,1,wm,3
4,1,1,3,2.36643853900023,1.0,0.5,1,wm,3
4,1,1,3,1.40104248000716,1.0,1.0,1,wm,3
4,1,1,3,1.3939473520004,1.0,0.5,1,wm,3
4,0,0,2,2.17587506400014,1.0,0.5,1,wm,3
4,1,0,2,2.18755945099838,3.0,0.5,0,wm,4
4,1,1,3,2.40461840199714,3.0,1.0,1,wm,4
4,1,0,3,9.57228634499916,3.0,1.0,0,wm,4
4,0,1,3,1.79168048700376,3.0,0.5,0,wm,4
4,1,1,3,1.71474553200096,3.0,1.0,1,wm,4
4,0,0,2,2.12799658699805,3.0,1.0,1,wm,4
4,0,1,4,1.89814325000771,3.0,1.0,0,wm,4
4,0,0,2,1.60834016500303,3.0,0.5,1,wm,4
4,0,1,3,1.73421637299907,3.0,0.5,0,wm,4
4,1,1,3,1.55100072200003,3.0,0.5,1,wm,4
4,1,1,2,2.39558869500615,3.0,0.5,1,wm,4
4,0,0,3,1.91727275500307,3.0,1.0,1,wm,4
4,1,1,3,1.77449692699884,3.0,1.0,1,wm,4
4,1,1,2,3.75361869700282,3.0,0.5,1,wm,4
4,1,0,1,1.46464867099712,3.0,1.0,0,wm,4
4,0,0,2,2.32902946399554,3.0,1.0,1,wm,4
4,0,0,1,3.01744569100265,3.0,0.5,1,wm,4
4,0,0,3,3.47834942200279,3.0,1.0,1,wm,4
4,0,0,2,2.06211742400046,3.0,0.5,1,wm,4
4,1,1,3,1.95389024100587,3.0,1.0,1,wm,4
4,1,0,1,2.67376410300494,3.0,0.5,0,wm,4
4,0,0,3,2.07102848900104,3.0,1.0,1,wm,4
4,1,1,1,1.97423207200336,3.0,1.0,1,wm,4
4,1,0,3,2.05890442800592,3.0,0.5,0,wm,4
4,1,1,2,1.71998071500275,3.0,0.5,1,wm,4
4,1,1,3,3.61206574300741,3.0,0.5,1,wm,4
4,1,1,3,1.61993594400701,3.0,1.0,1,wm,4
4,0,0,3,3.08747878500435,3.0,0.5,1,wm,4
4,0,1,2,3.67949918900558,3.0,0.5,0,wm,4
4,1,1,4,1.4535339330032,3.0,1.0,1,wm,4
4,0,0,3,2.00811848699959,3.0,0.5,1,wm,4
4,0,0,2,1.74535882100463,3.0,1.0,1,wm,4
4,1,1,3,2.61560218900559,3.0,1.0,1,wm,4
4,0,1,3,4.32959191000555,3.0,0.5,0,wm,4
4,0,1,2,2.03662435000297,3.0,0.5,0,wm,4
4,0,0,4,1.99203765599668,3.0,0.5,1,wm,4
4,0,0,3,1.24362604100315,3.0,1.0,1,wm,4
4,0,1,3,2.28504725200037,3.0,1.0,0,wm,4
4,0,0,3,2.13752060000115,3.0,1.0,1,wm,4
4,0,1,4,1.78849856500165,3.0,1.0,0,wm,4
4,0,0,3,3.96104220200505,3.0,1.0,1,wm,4
4,1,1,4,1.52428522599803,3.0,1.0,1,wm,4
4,0,0,3,1.85862850899866,3.0,0.5,1,wm,4
4,1,1,3,2.0509604100007,3.0,1.0,1,wm,4
4,0,0,2,2.29083011300099,3.0,1.0,1,wm,4
4,1,1,3,1.61487819700415,3.0,1.0,1,wm,4
4,0,0,4,2.72054565200233,3.0,1.0,1,wm,4
4,1,1,4,2.99836855400645,3.0,1.0,1,wm,4
4,1,1,2,3.09475964800367,3.0,1.0,1,wm,4
4,1,0,3,2.61677877500188,3.0,0.5,0,wm,4
4,1,0,2,2.24485069300135,3.0,0.5,0,wm,4
4,1,1,3,1.63976324000396,3.0,1.0,1,wm,4
4,0,0,3,1.64285596900299,3.0,1.0,1,wm,4
4,1,1,3,1.81228669100528,3.0,1.0,1,wm,4
4,1,0,2,2.06950932500331,3.0,1.0,0,wm,4
4,0,1,2,2.35012462000304,3.0,0.5,0,wm,4
4,0,0,4,1.89128769400122,3.0,0.5,1,wm,4
4,0,0,1,1.4431349820079,3.0,0.5,1,wm,4
4,0,1,3,2.21020678200148,3.0,0.5,0,wm,4
4,1,1,2,5.14701723599865,3.0,0.5,1,wm,4
5,1,0,1,2.69844043800049,3.0,0.5,0,wm,3
5,0,1,4,1.73520052000003,3.0,1.0,0,wm,3
5,1,0,4,2.05874502500001,3.0,1.0,0,wm,3
5,1,1,4,1.34111421499983,3.0,1.0,1,wm,3
5,1,0,4,1.92053850100001,3.0,1.0,0,wm,3
5,1,1,4,1.72607608899989,3.0,0.5,1,wm,3
5,0,1,4,1.22111751300008,3.0,1.0,0,wm,3
5,0,1,4,2.04339502899984,3.0,1.0,0,wm,3
5,1,0,4,1.70459372899995,3.0,0.5,0,wm,3
5,0,0,4,1.20772459300042,3.0,1.0,1,wm,3
5,0,0,4,2.10340728900019,3.0,0.5,1,wm,3
5,0,0,4,1.20941702600021,3.0,1.0,1,wm,3
5,1,1,4,1.12433338500023,3.0,0.5,1,wm,3
5,1,1,4,2.76137113999994,3.0,0.5,1,wm,3
5,0,0,4,2.12261094099995,3.0,0.5,1,wm,3
5,1,0,4,1.42195826199986,3.0,1.0,0,wm,3
5,0,0,4,1.99042957199981,3.0,0.5,1,wm,3
5,0,1,4,2.11748239799999,3.0,0.5,0,wm,3
5,1,0,4,1.3397106110001,3.0,0.5,0,wm,3
5,0,1,4,1.79562769299991,3.0,0.5,0,wm,3
5,0,1,4,1.31190326200021,3.0,1.0,0,wm,3
5,1,1,4,1.28206010599979,3.0,0.5,1,wm,3
5,1,1,4,0.980116179000106,3.0,1.0,1,wm,3
5,0,0,4,1.57512616099984,3.0,0.5,1,wm,3
5,0,1,4,2.62619532300005,3.0,0.5,0,wm,3
5,0,1,4,1.58481687800031,3.0,0.5,0,wm,3
5,1,0,4,1.52555616000018,3.0,1.0,0,wm,3
5,0,1,4,3.98528657800034,3.0,0.5,0,wm,3
5,0,1,4,1.46641281299981,3.0,0.5,0,wm,3
5,0,0,4,1.1653295279998,3.0,0.5,1,wm,3
5,0,0,4,1.57102167500034,3.0,0.5,1,wm,3
5,0,0,4,1.26089813299996,3.0,1.0,1,wm,3
5,0,0,4,1.50158011400026,3.0,1.0,1,wm,3
5,1,0,4,1.67601163400013,3.0,1.0,0,wm,3
5,1,0,4,1.53833285000019,3.0,1.0,0,wm,3
5,1,0,4,1.89865907800049,3.0,1.0,0,wm,3
5,1,1,4,1.99203296400037,3.0,1.0,1,wm,3
5,0,0,4,2.1025491370001,3.0,0.5,1,wm,3
5,1,1,4,2.10299950300032,3.0,1.0,1,wm,3
5,1,1,4,2.70477155500021,3.0,0.5,1,wm,3
5,0,0,4,2.14966200299978,3.0,1.0,1,wm,3
5,0,0,4,1.91437830800032,3.0,1.0,1,wm,3
5,0,0,4,1.74908751299972,3.0,1.0,1,wm,3
5,1,1,4,1.62982847800004,3.0,1.0,1,wm,3
5,0,1,4,1.56090673400013,3.0,0.5,0,wm,3
5,1,0,4,1.51503037700013,3.0,1.0,0,wm,3
5,0,0,4,1.86731224899995,3.0,0.5,1,wm,3
5,0,0,4,2.15232573400044,3.0,0.5,1,wm,3
5,0,0,4,1.43687358699981,3.0,0.5,1,wm,3
5,0,0,4,1.46205529800045,3.0,1.0,1,wm,3
5,0,1,4,1.65540759500027,3.0,0.5,0,wm,3
5,0,0,4,1.48609840500012,3.0,1.0,1,wm,3
5,0,0,2,3.44333199200037,3.0,1.0,1,wm,3
5,1,1,4,1.38994470199987,3.0,1.0,1,wm,3
5,0,1,4,1.64892590999989,3.0,1.0,0,wm,3
5,1,1,4,1.60177573900046,3.0,0.5,1,wm,3
5,1,1,4,1.50160222400018,3.0,1.0,1,wm,3
5,0,0,4,1.83206947300005,3.0,0.5,1,wm,3
5,0,0,4,1.71487600300043,3.0,0.5,1,wm,3
5,1,1,4,1.6428177050002,3.0,1.0,1,wm,3
5,1,1,4,1.44269874500014,1.0,1.0,1,wm,4
5,0,0,4,1.40527894200022,1.0,1.0,1,wm,4
5,0,0,4,1.35710865200008,1.0,0.5,1,wm,4
5,0,0,4,1.98315514100022,1.0,0.5,1,wm,4
5,0,0,4,2.13206416899993,1.0,0.5,1,wm,4
5,0,0,4,1.06528418500011,1.0,0.5,1,wm,4
5,1,0,4,1.30895319199999,1.0,1.0,0,wm,4
5,1,1,4,1.48127602000022,1.0,0.5,1,wm,4
5,0,0,4,1.07514875400011,1.0,0.5,1,wm,4
5,1,1,4,0.937821856000028,1.0,0.5,1,wm,4
5,0,1,4,2.18310635300031,1.0,1.0,0,wm,4
5,0,1,4,1.58666165000022,1.0,0.5,0,wm,4
5,1,1,4,1.82955513000024,1.0,0.5,1,wm,4
5,0,0,4,1.49926102200016,1.0,1.0,1,wm,4
5,0,0,4,1.14961480400007,1.0,1.0,1,wm,4
5,1,1,4,1.57987172000003,1.0,0.5,1,wm,4
5,1,0,4,1.61627157600014,1.0,0.5,0,wm,4
5,0,0,4,1.706431909,1.0,1.0,1,wm,4
5,1,1,4,1.42879429799996,1.0,1.0,1,wm,4
5,1,1,4,1.46309604899989,1.0,0.5,1,wm,4
5,1,1,4,4.70659961499996,1.0,0.5,1,wm,4
5,1,1,4,1.14584451100018,1.0,0.5,1,wm,4
5,1,1,4,1.24184213000035,1.0,1.0,1,wm,4
5,1,1,4,1.27309130699996,1.0,1.0,1,wm,4
5,1,0,4,1.42316738199997,1.0,1.0,0,wm,4
5,1,1,4,1.81800926100004,1.0,0.5,1,wm,4
5,0,0,4,2.15118583699996,1.0,1.0,1,wm,4
5,0,0,4,1.62750582299986,1.0,1.0,1,wm,4
5,0,1,4,1.22222281700033,1.0,1.0,0,wm,4
5,1,0,4,1.5550706580002,1.0,1.0,0,wm,4
5,0,0,4,1.58149319599988,1.0,1.0,1,wm,4
5,1,1,4,1.27531497600012,1.0,0.5,1,wm,4
5,0,0,4,1.29528671300022,1.0,0.5,1,wm,4
5,0,0,4,1.11456002200021,1.0,1.0,1,wm,4
5,1,1,4,1.69600439599981,1.0,0.5,1,wm,4
5,1,1,4,2.90573867100011,1.0,0.5,1,wm,4
5,1,1,4,1.77015452100022,1.0,1.0,1,wm,4
5,1,1,3,1.15714406000006,1.0,0.5,1,wm,4
5,0,0,3,1.49779662200035,1.0,0.5,1,wm,4
5,0,0,3,1.75110322800037,1.0,1.0,1,wm,4
5,1,1,2,8.62808626600008,1.0,1.0,1,wm,4
5,1,1,4,1.2196141899999,1.0,1.0,1,wm,4
5,1,1,4,2.23283663300026,1.0,1.0,1,wm,4
5,1,1,4,1.67670718099998,1.0,0.5,1,wm,4
5,1,1,4,2.86587250900038,1.0,1.0,1,wm,4
5,0,0,4,1.06141544400043,1.0,0.5,1,wm,4
5,0,0,4,1.11735741100028,1.0,0.5,1,wm,4
5,0,1,3,1.53682277799999,1.0,0.5,0,wm,4
5,1,1,3,1.73193689000027,1.0,0.5,1,wm,4
5,0,0,3,1.87856268300038,1.0,1.0,1,wm,4
5,1,1,3,2.93607746600037,1.0,1.0,1,wm,4
5,1,1,4,1.27286207099996,1.0,0.5,1,wm,4
5,1,0,4,1.56867445399985,1.0,1.0,0,wm,4
5,0,1,4,2.98443688200041,1.0,0.5,0,wm,4
5,1,1,4,1.44952906400022,1.0,0.5,1,wm,4
5,1,0,3,1.55124654700012,1.0,1.0,0,wm,4
5,0,0,4,1.32948175499996,1.0,1.0,1,wm,4
5,0,0,3,2.71366772800002,1.0,1.0,1,wm,4
5,0,0,4,2.06669241000009,1.0,1.0,1,wm,4
5,0,1,3,1.87657899700025,1.0,0.5,0,wm,4
6,0,0,3,1.74770538800112,1.0,0.5,1,wm,3
6,1,0,3,1.19470929999989,1.0,1.0,0,wm,3
6,0,0,3,1.24900892400183,1.0,1.0,1,wm,3
6,0,0,3,1.13680171400119,1.0,1.0,1,wm,3
6,0,0,2,0.97959075000108,1.0,0.5,1,wm,3
6,1,1,3,0.938191830000505,1.0,0.5,1,wm,3
6,1,1,3,1.147678248999,1.0,0.5,1,wm,3
6,1,1,3,0.920946099999128,1.0,0.5,1,wm,3
6,0,0,4,1.078868392,1.0,1.0,1,wm,3
6,1,1,3,0.906774024000697,1.0,1.0,1,wm,3
6,0,0,3,1.40059664900036,1.0,0.5,1,wm,3
6,1,1,3,1.61780104299942,1.0,1.0,1,wm,3
6,0,0,3,0.999941477000903,1.0,0.5,1,wm,3
6,1,0,2,3.96154086800016,1.0,1.0,0,wm,3
6,1,1,3,1.03099041100177,1.0,0.5,1,wm,3
6,1,1,3,1.13375656400058,1.0,0.5,1,wm,3
6,0,0,3,0.759508838000329,1.0,1.0,1,wm,3
6,1,1,3,1.47835771199971,1.0,0.5,1,wm,3
6,1,1,1,1.14450730399949,1.0,0.5,1,wm,3
6,0,0,2,0.922280871001931,1.0,1.0,1,wm,3
6,0,0,2,0.973989405001703,1.0,0.5,1,wm,3
6,0,0,2,1.08375288500065,1.0,1.0,1,wm,3
6,0,0,2,1.10279985200214,1.0,1.0,1,wm,3
6,1,0,1,0.644852022000123,1.0,1.0,0,wm,3
6,0,0,2,2.2867067920015,1.0,1.0,1,wm,3
6,0,0,2,1.44935300400175,1.0,1.0,1,wm,3
6,1,1,2,1.14700554199953,1.0,1.0,1,wm,3
6,1,1,4,1.11370610700033,1.0,1.0,1,wm,3
6,0,0,3,1.09893842300153,1.0,1.0,1,wm,3
6,0,0,3,1.1027967200007,1.0,1.0,1,wm,3
6,0,0,3,0.918307541000104,1.0,1.0,1,wm,3
6,0,1,2,1.09875845100032,1.0,0.5,0,wm,3
6,0,0,4,1.33916214300189,1.0,1.0,1,wm,3
6,0,0,3,1.13602316800097,1.0,0.5,1,wm,3
6,0,0,4,1.04397603600046,1.0,0.5,1,wm,3
6,1,1,3,1.02367967200189,1.0,1.0,1,wm,3
6,0,0,3,1.05371701800141,1.0,1.0,1,wm,3
6,1,1,3,1.09391067900106,1.0,1.0,1,wm,3
6,1,1,2,0.849602001000676,1.0,0.5,1,wm,3
6,1,1,2,0.832090852001784,1.0,0.5,1,wm,3
6,1,1,2,1.04279218800002,1.0,1.0,1,wm,3
6,0,0,3,0.90934286799893,1.0,0.5,1,wm,3
6,0,0,2,1.03583207500014,1.0,0.5,1,wm,3
6,0,0,1,0.910169072001736,1.0,1.0,1,wm,3
6,0,0,1,0.993809626001166,1.0,0.5,1,wm,3
6,0,0,2,1.18388247900111,1.0,1.0,1,wm,3
6,1,1,2,0.458392129999993,1.0,0.5,1,wm,3
6,1,1,2,0.846295383002143,1.0,0.5,1,wm,3
6,1,1,2,0.592372125000111,1.0,1.0,1,wm,3
6,1,1,2,0.54688304100091,1.0,1.0,1,wm,3
6,0,0,1,0.562429274999886,1.0,1.0,1,wm,3
6,1,1,2,0.926398583000264,1.0,1.0,1,wm,3
6,0,1,1,0.41144702299971,1.0,0.5,0,wm,3
6,1,1,2,1.28496388700114,1.0,1.0,1,wm,3
6,0,1,1,2.7437783430014,1.0,0.5,0,wm,3
6,0,0,1,1.00621137999951,1.0,1.0,1,wm,3
6,0,0,1,0.454852587999994,1.0,1.0,1,wm,3
6,0,1,1,1.47899284700179,1.0,1.0,0,wm,3
6,0,1,1,0.898134708000725,1.0,0.5,0,wm,3
6,1,0,1,0.989757102001022,1.0,0.5,0,wm,3
6,1,1,2,1.97335576000114,3.0,1.0,1,wm,4
6,1,1,3,1.35340092399929,3.0,1.0,1,wm,4
6,0,0,2,1.64938878199973,3.0,1.0,1,wm,4
6,0,0,2,2.14140128800136,3.0,1.0,1,wm,4
6,1,1,2,1.75988536600016,3.0,0.5,1,wm,4
6,0,0,2,2.13473423700088,3.0,0.5,1,wm,4
6,0,1,2,1.40693311699943,3.0,1.0,0,wm,4
6,0,1,1,1.71479378199911,3.0,1.0,0,wm,4
6,0,1,1,1.08629967600064,3.0,0.5,0,wm,4
6,0,0,2,1.77878585300095,3.0,0.5,1,wm,4
6,1,1,2,1.72829514700061,3.0,1.0,1,wm,4
6,0,0,2,1.5412125640014,3.0,1.0,1,wm,4
6,0,0,2,2.60641720800049,3.0,0.5,1,wm,4
6,0,1,2,1.05710621500111,3.0,1.0,0,wm,4
6,0,0,2,1.69958850100011,3.0,1.0,1,wm,4
6,0,1,2,1.57492247700065,3.0,0.5,0,wm,4
6,1,1,2,1.74762473900046,3.0,1.0,1,wm,4
6,1,1,2,1.63323931500054,3.0,1.0,1,wm,4
6,1,5,3,1.48689198900138,3.0,1.0,1,wm,4
6,1,0,2,2.42708844000117,3.0,0.5,0,wm,4
6,1,1,2,1.6371961900004,3.0,1.0,1,wm,4
6,1,1,2,2.95815270800085,3.0,0.5,1,wm,4
6,0,0,1,1.77784365300067,3.0,1.0,1,wm,4
6,1,1,2,2.02414648200102,3.0,1.0,1,wm,4
6,1,1,3,1.7480015050005,3.0,1.0,1,wm,4
6,1,1,3,2.8374219920006,3.0,0.5,1,wm,4
6,0,0,2,1.74958685599995,3.0,0.5,1,wm,4
6,0,0,2,1.6250426509996,3.0,1.0,1,wm,4
6,0,0,2,1.34253669799909,3.0,1.0,1,wm,4
6,0,0,2,1.60504062000109,3.0,1.0,1,wm,4
6,0,0,1,3.03517257500062,3.0,0.5,1,wm,4
6,1,0,2,1.49377719900076,3.0,1.0,0,wm,4
6,1,0,2,1.93961187000059,3.0,1.0,0,wm,4
6,1,1,2,3.61023454499991,3.0,1.0,1,wm,4
6,1,1,2,1.7527111770014,3.0,1.0,1,wm,4
6,1,1,3,1.17277434300013,3.0,0.5,1,wm,4
6,0,0,3,1.70619748800164,3.0,0.5,1,wm,4
6,0,1,1,3.32875710400003,3.0,1.0,0,wm,4
6,1,1,2,1.87397783800043,3.0,1.0,1,wm,4
6,1,1,3,0.996875134002039,3.0,1.0,1,wm,4
6,0,0,3,1.57827376500063,3.0,0.5,1,wm,4
6,1,1,1,2.40046121500018,3.0,1.0,1,wm,4
6,1,0,1,2.24320638000063,3.0,0.5,0,wm,4
6,1,1,2,1.44753704800132,3.0,0.5,1,wm,4
6,1,3,2,1.62940745800006,3.0,1.0,1,wm,4
6,0,0,3,2.45839138300107,3.0,0.5,1,wm,4
6,1,1,2,2.02784296600112,3.0,0.5,1,wm,4
6,0,0,3,1.65493564600001,3.0,0.5,1,wm,4
6,0,0,1,1.91487083300126,3.0,0.5,1,wm,4
6,1,1,2,2.78126214900112,3.0,0.5,1,wm,4
6,0,1,1,2.09982551200119,3.0,0.5,0,wm,4
6,1,1,2,1.57179871399967,3.0,1.0,1,wm,4
6,1,1,3,1.61716087100103,3.0,1.0,1,wm,4
6,1,1,1,1.18995403200097,3.0,1.0,1,wm,4
6,0,0,1,1.55610413999966,3.0,1.0,1,wm,4
6,0,0,2,2.10356631500144,3.0,1.0,1,wm,4
6,1,1,2,1.4085184730011,3.0,0.5,1,wm,4
6,0,0,2,1.54361867199987,3.0,1.0,1,wm,4
6,0,0,2,1.86661148200074,3.0,1.0,1,wm,4
6,0,1,1,0.831624054000713,3.0,1.0,0,wm,4
7,1,0,3,1.85031667900057,3.0,0.5,0,wm,3
7,0,0,2,2.25025965900022,3.0,1.0,1,wm,3
7,1,1,3,2.0229895500006,3.0,0.5,1,wm,3
7,0,1,1,2.29809021700021,3.0,0.5,0,wm,3
7,0,0,3,1.37137323800016,3.0,1.0,1,wm,3
7,0,1,2,1.31678344000011,3.0,1.0,0,wm,3
7,1,1,4,1.95738357900063,3.0,0.5,1,wm,3
7,0,0,3,1.95417807500053,3.0,0.5,1,wm,3
7,0,1,4,2.90709075399991,3.0,1.0,0,wm,3
7,0,1,4,2.00251600299998,3.0,0.5,0,wm,3
7,1,0,3,3.1807607159999,3.0,1.0,0,wm,3
7,1,1,3,1.56972164700073,3.0,1.0,1,wm,3
7,1,1,3,1.87255550700047,3.0,1.0,1,wm,3
7,1,1,3,2.8799492040007,3.0,1.0,1,wm,3
7,0,1,1,7.41743680300078,3.0,0.5,0,wm,3
7,0,0,2,1.28887715200017,3.0,0.5,1,wm,3
7,0,0,3,2.61530393400062,3.0,0.5,1,wm,3
7,1,1,4,2.60922833800032,3.0,0.5,1,wm,3
7,1,0,4,1.79517402200054,3.0,1.0,0,wm,3
7,1,0,2,4.27505455800019,3.0,1.0,0,wm,3
7,1,1,3,3.44675010300034,3.0,0.5,1,wm,3
7,1,0,3,3.14767261900033,3.0,0.5,0,wm,3
7,0,0,3,2.57849524099947,3.0,0.5,1,wm,3
7,0,0,3,2.0708211479996,3.0,1.0,1,wm,3
7,1,1,2,2.05099547200007,3.0,1.0,1,wm,3
7,0,0,3,1.34631172300033,3.0,1.0,1,wm,3
7,1,1,4,1.45181966500058,3.0,1.0,1,wm,3
7,1,1,3,1.6809718909999,3.0,1.0,1,wm,3
7,1,1,3,1.67418220700074,3.0,1.0,1,wm,3
7,0,0,3,2.36613935400055,3.0,1.0,1,wm,3
7,1,0,3,3.63790415700078,3.0,0.5,0,wm,3
7,0,1,3,2.27806378600053,3.0,0.5,0,wm,3
7,1,1,1,2.50548073400023,3.0,0.5,1,wm,3
7,1,1,3,2.47494103600002,3.0,1.0,1,wm,3
7,0,0,3,1.6002243920002,3.0,0.5,1,wm,3
7,0,0,3,1.93435323700032,3.0,0.5,1,wm,3
7,0,0,2,1.61768587200004,3.0,1.0,1,wm,3
7,0,0,2,6.73603113600075,3.0,0.5,1,wm,3
7,1,0,3,1.91770147200077,3.0,1.0,0,wm,3
7,0,0,3,3.89763405699978,3.0,1.0,1,wm,3
7,1,1,3,1.79917676200057,3.0,0.5,1,wm,3
7,0,0,3,1.89356147499984,3.0,0.5,1,wm,3
7,1,1,3,1.67548835199977,3.0,1.0,1,wm,3
7,0,0,4,1.18574536899996,3.0,1.0,1,wm,3
7,1,1,3,1.54509277899979,3.0,1.0,1,wm,3
7,1,0,2,1.98952364500019,3.0,1.0,0,wm,3
7,1,0,3,1.37587791399983,3.0,0.5,0,wm,3
7,1,5,3,2.91463742300039,3.0,1.0,1,wm,3
7,0,1,2,3.12436472600075,3.0,0.5,0,wm,3
7,0,0,2,4.01278843799992,3.0,1.0,1,wm,3
7,0,0,3,6.36851119400035,3.0,1.0,1,wm,3
7,1,0,3,1.17394806900029,3.0,1.0,0,wm,3
7,0,0,3,1.00133869599995,3.0,0.5,1,wm,3
7,0,0,3,0.958718740000222,3.0,0.5,1,wm,3
7,1,1,3,1.64045631299996,3.0,1.0,1,wm,3
7,1,1,3,1.31288271000085,3.0,0.5,1,wm,3
7,1,1,3,1.26069456700043,3.0,1.0,1,wm,3
7,0,0,3,1.09536736000064,3.0,0.5,1,wm,3
7,0,1,3,1.28224456099997,3.0,1.0,0,wm,3
7,0,0,4,2.04345528800059,3.0,0.5,1,wm,3
7,0,0,4,1.39610933200038,1.0,0.5,1,wm,4
7,0,1,4,1.54197684599967,1.0,1.0,0,wm,4
7,1,1,3,0.903886572999909,1.0,0.5,1,wm,4
7,1,1,3,1.04871882900079,1.0,1.0,1,wm,4
7,0,0,3,1.13794294900072,1.0,1.0,1,wm,4
7,0,0,3,1.65618915800042,1.0,0.5,1,wm,4
7,0,0,3,0.98750757200014,1.0,1.0,1,wm,4
7,0,0,3,1.26102717500089,1.0,0.5,1,wm,4
7,1,1,3,1.38383876500029,1.0,1.0,1,wm,4
7,0,0,3,3.40236467700015,1.0,1.0,1,wm,4
7,1,0,3,1.55481924800006,1.0,1.0,0,wm,4
7,1,0,3,5.55880501200045,1.0,1.0,0,wm,4
7,1,1,3,1.77402664100009,1.0,0.5,1,wm,4
7,0,1,3,1.64361837599972,1.0,0.5,0,wm,4
7,1,1,3,1.87653643300109,1.0,1.0,1,wm,4
7,1,1,4,1.45108089600035,1.0,1.0,1,wm,4
7,1,1,4,1.72171757500018,1.0,0.5,1,wm,4
7,0,0,3,2.24232065200067,1.0,0.5,1,wm,4
7,1,1,3,1.55647195300025,1.0,0.5,1,wm,4
7,0,1,2,1.36775805799971,1.0,0.5,0,wm,4
7,0,4,3,0.206168741000511,1.0,0.5,0,wm,4
7,0,4,2,0.218132948000857,1.0,0.5,1,wm,4
7,1,1,3,2.11686444800034,1.0,0.5,1,wm,4
7,0,1,3,1.36208865499975,1.0,0.5,0,wm,4
7,1,0,3,2.78733518600075,1.0,1.0,0,wm,4
7,0,0,3,2.75251936000041,1.0,0.5,1,wm,4
7,1,1,3,1.65987881900037,1.0,1.0,1,wm,4
7,1,1,3,2.35431780300041,1.0,0.5,1,wm,4
7,0,1,3,1.42920213200068,1.0,0.5,0,wm,4
7,1,1,3,1.50180991900015,1.0,0.5,1,wm,4
7,0,1,3,0.956542736999836,1.0,0.5,0,wm,4
7,0,1,3,0.825327701000788,1.0,1.0,0,wm,4
7,0,0,3,1.62896855700092,1.0,0.5,1,wm,4
7,0,1,3,0.812443165000332,1.0,0.5,0,wm,4
7,1,1,3,0.829798927999946,1.0,1.0,1,wm,4
7,1,1,3,0.986105164000037,1.0,0.5,1,wm,4
7,0,0,3,1.09106453500044,1.0,1.0,1,wm,4
7,0,0,3,1.09770890900018,1.0,1.0,1,wm,4
7,0,0,3,0.98974077100047,1.0,0.5,1,wm,4
7,0,1,3,1.3870025640008,1.0,0.5,0,wm,4
7,0,0,4,1.19648765700003,1.0,1.0,1,wm,4
7,0,1,4,1.01434013400103,1.0,1.0,0,wm,4
7,1,1,3,2.31607606100079,1.0,1.0,1,wm,4
7,1,1,3,1.05848359500033,1.0,1.0,1,wm,4
7,0,0,3,2.04358190499988,1.0,1.0,1,wm,4
7,1,0,3,1.33915115200034,1.0,1.0,0,wm,4
7,1,1,3,1.03293917700103,1.0,1.0,1,wm,4
7,0,1,3,1.77888469100071,1.0,0.5,0,wm,4
7,1,0,3,2.41727323800023,1.0,1.0,0,wm,4
7,1,1,3,1.86669543500011,1.0,0.5,1,wm,4
7,1,1,3,1.61063826899954,1.0,1.0,1,wm,4
7,0,0,3,1.34056281700032,1.0,0.5,1,wm,4
7,0,0,3,1.67443738700058,1.0,0.5,1,wm,4
7,1,1,3,1.32063710000057,1.0,1.0,1,wm,4
7,0,0,3,0.984604483000112,1.0,0.5,1,wm,4
7,1,0,3,1.85527017599998,1.0,0.5,0,wm,4
7,0,0,3,1.5974912290003,1.0,1.0,1,wm,4
7,1,1,3,1.95502439700067,1.0,0.5,1,wm,4
7,1,1,4,1.92818983899997,1.0,1.0,1,wm,4
7,0,1,4,1.02428743200016,1.0,1.0,0,wm,4
8,1,1,2,1.75559516800058,3.0,1.0,1,wm,3
8,1,0,2,2.0352186250002,3.0,0.5,0,wm,3
8,0,0,2,1.63593890300035,3.0,0.5,1,wm,3
8,0,1,2,1.76342144800037,3.0,1.0,0,wm,3
8,0,1,2,3.15275688499969,3.0,0.5,0,wm,3
8,1,1,2,2.04136466300042,3.0,1.0,1,wm,3
8,0,1,2,1.70679525999913,3.0,1.0,0,wm,3
8,1,0,1,0.806676225000047,3.0,0.5,0,wm,3
8,1,1,3,1.78615014000025,3.0,1.0,1,wm,3
8,0,0,2,3.07178378500066,3.0,0.5,1,wm,3
8,0,0,2,1.394820092999,3.0,1.0,1,wm,3
8,1,1,2,2.77349144199979,3.0,1.0,1,wm,3
8,1,1,1,1.179165036001,3.0,1.0,1,wm,3
8,1,1,3,2.49699943800078,3.0,1.0,1,wm,3
8,1,1,3,2.53756979900027,3.0,0.5,1,wm,3
8,1,0,2,1.64797677100069,3.0,0.5,0,wm,3
8,0,1,1,6.93113587100015,3.0,0.5,0,wm,3
8,1,0,2,1.42811941299988,3.0,0.5,0,wm,3
8,1,1,2,3.78139675800048,3.0,0.5,1,wm,3
8,1,1,2,8.55095118000099,3.0,1.0,1,wm,3
8,1,0,2,1.78530305800086,3.0,1.0,0,wm,3
8,1,1,2,2.85453202899953,3.0,0.5,1,wm,3
8,0,0,3,1.83054934600113,3.0,0.5,1,wm,3
8,0,1,2,3.41586970599928,3.0,0.5,0,wm,3
8,0,0,4,3.1372914349995,3.0,1.0,1,wm,3
8,0,0,3,2.84498772200095,3.0,1.0,1,wm,3
8,1,0,2,2.45731340400016,3.0,0.5,0,wm,3
8,1,1,3,2.52667029799886,3.0,0.5,1,wm,3
8,1,1,4,3.17319862000113,3.0,0.5,1,wm,3
8,1,0,2,1.21319675100131,3.0,1.0,0,wm,3
8,0,1,2,1.96774292100054,3.0,1.0,0,wm,3
8,1,0,2,1.66036217700093,3.0,1.0,0,wm,3
8,1,1,3,1.75943441600066,3.0,0.5,1,wm,3
8,0,0,1,2.12491082700035,3.0,0.5,1,wm,3
8,1,1,2,3.25965354000073,3.0,1.0,1,wm,3
8,1,1,2,2.20228804199905,3.0,0.5,1,wm,3
8,0,0,1,2.03113036899958,3.0,0.5,1,wm,3
8,1,1,3,1.77376161999928,3.0,0.5,1,wm,3
8,0,1,1,2.91507789900061,3.0,0.5,0,wm,3
8,0,1,4,1.42600339800083,3.0,1.0,0,wm,3
8,0,1,3,1.74345129500034,3.0,1.0,0,wm,3
8,1,0,1,1.89877455299938,3.0,1.0,0,wm,3
8,0,0,3,2.02000109600158,3.0,1.0,1,wm,3
8,1,1,4,1.89415831699989,3.0,0.5,1,wm,3
8,1,1,1,0.931934773001558,3.0,0.5,1,wm,3
8,1,1,1,0.805949038000108,3.0,0.5,1,wm,3
8,1,0,1,1.59223716300039,3.0,1.0,0,wm,3
8,0,0,1,1.65633194000111,3.0,0.5,1,wm,3
8,0,1,2,2.6993895150008,3.0,0.5,0,wm,3
8,0,0,3,2.03055393999966,3.0,1.0,1,wm,3
8,1,0,2,1.69546259699928,3.0,1.0,0,wm,3
8,0,1,2,1.96085574399876,3.0,0.5,0,wm,3
8,0,0,4,2.0872820550012,3.0,1.0,1,wm,3
8,0,0,2,2.13954700700015,3.0,1.0,1,wm,3
8,0,1,1,1.20225683100034,3.0,1.0,0,wm,3
8,0,1,2,3.04001072199935,3.0,1.0,0,wm,3
8,1,1,2,2.21031921800022,3.0,0.5,1,wm,3
8,0,0,4,2.88261080899974,3.0,1.0,1,wm,3
8,0,1,2,3.06507838700054,3.0,1.0,0,wm,3
8,0,1,2,10.4088218199995,3.0,1.0,0,wm,3
8,1,1,1,9.17540279000059,3.0,0.5,1,wm,4
8,1,0,2,1.55184427699896,3.0,1.0,0,wm,4
8,0,1,1,17.0217854150014,3.0,0.5,0,wm,4
8,0,1,1,1.91712966100022,3.0,1.0,0,wm,4
8,0,0,2,1.54545865300133,3.0,0.5,1,wm,4
8,0,1,3,2.62150665000081,3.0,1.0,0,wm,4
8,1,1,2,2.06347929900039,3.0,1.0,1,wm,4
8,0,1,2,1.56188142900101,3.0,0.5,0,wm,4
8,1,0,2,2.7716352869993,3.0,0.5,0,wm,4
8,0,0,2,5.39556352100044,3.0,0.5,1,wm,4
8,1,1,2,1.54031926500102,3.0,1.0,1,wm,4
8,1,0,2,2.20251557100164,3.0,1.0,0,wm,4
8,0,1,1,2.12796990300012,3.0,0.5,0,wm,4
8,1,0,3,4.91282506400057,3.0,0.5,0,wm,4
8,0,1,2,1.32614708599976,3.0,0.5,0,wm,4
8,0,1,2,19.1068767519992,3.0,1.0,0,wm,4
8,1,1,2,1.96412334600063,3.0,0.5,1,wm,4
8,1,0,2,2.44226090700067,3.0,0.5,0,wm,4
8,0,0,1,2.8140074260009,3.0,1.0,1,wm,4
8,1,1,3,2.21211152400065,3.0,0.5,1,wm,4
8,0,1,2,2.08666451099998,3.0,0.5,0,wm,4
8,0,0,1,1.75160680199951,3.0,0.5,1,wm,4
8,1,1,2,1.69366173600065,3.0,1.0,1,wm,4
8,1,0,2,1.45982693000042,3.0,1.0,0,wm,4
8,1,1,2,8.8526259199989,3.0,1.0,1,wm,4
8,0,0,2,1.508541221001,3.0,1.0,1,wm,4
8,1,0,2,1.41305909900075,3.0,1.0,0,wm,4
8,1,1,1,1.69966772000043,3.0,1.0,1,wm,4
8,0,0,3,2.43646348999937,3.0,1.0,1,wm,4
8,0,0,3,2.73292421699989,3.0,0.5,1,wm,4
8,1,0,2,2.12364901300134,3.0,0.5,0,wm,4
8,1,1,1,2.15024840099977,3.0,1.0,1,wm,4
8,1,0,2,2.7235563459999,3.0,0.5,0,wm,4
8,1,1,2,1.74534600900006,3.0,1.0,1,wm,4
8,1,0,2,1.70180649800022,3.0,1.0,0,wm,4
8,0,1,2,1.6655703209999,3.0,1.0,0,wm,4
8,1,1,2,1.46212243599985,3.0,1.0,1,wm,4
8,0,0,3,1.74916725600087,3.0,0.5,1,wm,4
8,1,1,1,1.83017674300027,3.0,1.0,1,wm,4
8,1,1,3,2.0902216880022,3.0,0.5,1,wm,4
8,1,0,1,1.76396324500092,3.0,1.0,0,wm,4
8,1,1,4,1.51620802099933,3.0,1.0,1,wm,4
8,0,1,3,1.52166218800085,3.0,1.0,0,wm,4
8,0,1,3,1.94327338299991,3.0,1.0,0,wm,4
8,0,1,3,1.61464741100099,3.0,0.5,0,wm,4
8,0,0,3,2.00905144000171,3.0,0.5,1,wm,4
8,0,1,2,2.27595864400064,3.0,1.0,0,wm,4
8,0,1,2,2.18966722799996,3.0,0.5,0,wm,4
8,0,0,2,1.86710717300048,3.0,0.5,1,wm,4
8,0,0,2,1.59356523000133,3.0,1.0,1,wm,4
8,0,1,2,3.41459283199947,3.0,0.5,0,wm,4
8,0,1,2,1.32639124200068,3.0,1.0,0,wm,4
8,0,1,2,2.09584130800067,3.0,0.5,0,wm,4
8,1,0,2,0.78450771200005,3.0,0.5,0,wm,4
8,0,0,1,1.92098007999994,3.0,1.0,1,wm,4
8,1,1,2,1.16697417200157,3.0,1.0,1,wm,4
8,1,1,2,1.5562706260007,3.0,1.0,1,wm,4
8,0,1,2,12.3040481589996,3.0,0.5,0,wm,4
8,0,0,2,2.23610327999995,3.0,1.0,1,wm,4
8,0,0,2,1.70325426700037,3.0,1.0,1,wm,4
9,1,1,2,2.76027118800266,3.0,0.5,1,wm,3
9,1,1,4,2.48863351299951,3.0,0.5,1,wm,3
9,1,0,3,2.29110898200088,3.0,0.5,0,wm,3
9,1,1,4,1.72307958099918,3.0,1.0,1,wm,3
9,1,1,3,1.96406682000088,3.0,1.0,1,wm,3
9,1,0,2,2.08132167900112,3.0,0.5,0,wm,3
9,1,1,4,3.97943101299825,3.0,0.5,1,wm,3
9,0,0,2,1.83445644899984,3.0,1.0,1,wm,3
9,1,1,4,1.60905270600051,3.0,0.5,1,wm,3
9,1,0,2,1.70668207300332,3.0,0.5,0,wm,3
9,0,0,3,2.115960086001,3.0,1.0,1,wm,3
9,0,0,2,3.84323349899933,3.0,1.0,1,wm,3
9,1,1,3,1.41281201700258,3.0,0.5,1,wm,3
9,1,1,3,1.48040665300141,3.0,1.0,1,wm,3
9,0,0,3,2.83091637799953,3.0,0.5,1,wm,3
9,0,1,2,1.59430042299937,3.0,0.5,0,wm,3
9,0,0,3,2.051801282003,3.0,1.0,1,wm,3
9,1,1,3,1.63003750400094,3.0,1.0,1,wm,3
9,0,1,1,2.88001629100108,3.0,0.5,0,wm,3
9,1,1,2,2.67043877800097,3.0,1.0,1,wm,3
9,0,1,4,2.27305841999987,3.0,1.0,0,wm,3
9,0,0,2,2.8357625030003,3.0,1.0,1,wm,3
9,0,0,4,1.73445063100007,3.0,0.5,1,wm,3
9,1,0,2,1.57893488700211,3.0,1.0,0,wm,3
9,0,0,3,1.71586439700332,3.0,0.5,1,wm,3
9,0,0,3,1.96612628300136,3.0,1.0,1,wm,3
9,1,0,1,5.92226622400267,3.0,1.0,0,wm,3
9,0,0,2,1.6396731820023,3.0,1.0,1,wm,3
9,1,0,3,3.94172204900315,3.0,0.5,0,wm,3
9,0,1,2,1.28914947200246,3.0,1.0,0,wm,3
9,0,1,2,1.70520325500183,3.0,1.0,0,wm,3
9,0,0,3,1.87808738899912,3.0,0.5,1,wm,3
9,1,1,1,2.62265341600141,3.0,0.5,1,wm,3
9,1,1,3,2.87011135800276,3.0,0.5,1,wm,3
9,0,0,2,1.69209067900374,3.0,0.5,1,wm,3
9,0,0,3,1.84935544399923,3.0,1.0,1,wm,3
9,1,1,4,1.98591221000243,3.0,0.5,1,wm,3
9,0,1,1,3.00155226600327,3.0,1.0,0,wm,3
9,0,1,4,1.98869037700206,3.0,1.0,0,wm,3
9,1,1,4,1.84830438499921,3.0,0.5,1,wm,3
9,0,1,3,1.77058525900429,3.0,0.5,0,wm,3
9,0,1,3,1.7240762390029,3.0,1.0,0,wm,3
9,0,1,1,2.04330350999953,3.0,0.5,0,wm,3
9,0,0,3,1.74041878000207,3.0,1.0,1,wm,3
9,1,1,4,1.59741724600099,3.0,0.5,1,wm,3
9,0,0,1,3.04921486799867,3.0,0.5,1,wm,3
9,1,1,3,2.32885923999856,3.0,1.0,1,wm,3
9,0,0,3,2.3591400510013,3.0,0.5,1,wm,3
9,0,0,2,4.01370193999901,3.0,0.5,1,wm,3
9,0,0,2,5.7216216199995,3.0,0.5,1,wm,3
9,0,0,2,2.54648368600101,3.0,1.0,1,wm,3
9,1,1,4,1.34205064599882,3.0,0.5,1,wm,3
9,0,1,2,1.86025123599757,3.0,1.0,0,wm,3
9,0,0,2,2.39856200600116,3.0,1.0,1,wm,3
9,1,1,3,1.46770123300303,3.0,1.0,1,wm,3
9,0,0,2,2.49123344899999,3.0,0.5,1,wm,3
9,1,1,3,1.56054925800345,3.0,0.5,1,wm,3
9,1,1,3,1.66749854400405,3.0,0.5,1,wm,3
9,0,1,2,2.20988805899833,3.0,1.0,0,wm,3
9,1,0,4,1.75679328499973,3.0,0.5,0,wm,3
9,1,1,3,1.9814936890034,1.0,1.0,1,wm,4
9,0,0,3,1.36420349200125,1.0,0.5,1,wm,4
9,1,1,4,1.42944913799874,1.0,1.0,1,wm,4
9,0,0,3,1.58048611000049,1.0,1.0,1,wm,4
9,0,1,2,1.35780006200002,1.0,0.5,0,wm,4
9,1,1,4,1.33165156700124,1.0,0.5,1,wm,4
9,0,0,2,1.59312361399861,1.0,0.5,1,wm,4
9,0,0,3,1.4982650109996,1.0,0.5,1,wm,4
9,0,0,3,1.45944667000003,1.0,0.5,1,wm,4
9,1,1,3,7.44154830800107,1.0,0.5,1,wm,4
9,0,0,2,1.64635709600043,1.0,1.0,1,wm,4
9,0,0,4,2.26168980100192,1.0,0.5,1,wm,4
9,1,1,1,2.31630412400045,1.0,0.5,1,wm,4
9,0,0,2,3.43293175600047,1.0,1.0,1,wm,4
9,0,0,3,1.86494557600236,1.0,0.5,1,wm,4
9,1,1,3,1.83164713100268,1.0,0.5,1,wm,4
9,0,0,3,2.1164037439994,1.0,0.5,1,wm,4
9,1,1,4,2.26393221900071,1.0,0.5,1,wm,4
9,0,1,2,1.32457417300247,1.0,0.5,0,wm,4
9,0,0,3,9.71372911000071,1.0,1.0,1,wm,4
9,1,1,4,1.38225865500135,1.0,0.5,1,wm,4
9,0,1,2,1.40425277300164,1.0,1.0,0,wm,4
9,0,0,3,5.87025526900106,1.0,0.5,1,wm,4
9,0,0,3,2.2046552560023,1.0,1.0,1,wm,4
9,1,1,4,2.30917015299929,1.0,0.5,1,wm,4
9,1,0,4,2.00083620299847,1.0,0.5,0,wm,4
9,0,0,2,3.74948939699971,1.0,0.5,1,wm,4
9,1,1,4,1.22868480399848,1.0,1.0,1,wm,4
9,0,1,3,3.52259973200125,1.0,0.5,0,wm,4
9,0,0,3,3.19992033600283,1.0,1.0,1,wm,4
9,0,0,2,1.42911382899911,1.0,1.0,1,wm,4
9,1,1,3,4.10485615500147,1.0,0.5,1,wm,4
9,0,1,3,1.27773296799933,1.0,0.5,0,wm,4
9,1,1,3,1.42855387999953,1.0,0.5,1,wm,4
9,0,1,3,1.20347265700184,1.0,0.5,0,wm,4
9,1,1,4,1.74600496900166,1.0,0.5,1,wm,4
9,1,0,3,1.62066356599826,1.0,0.5,0,wm,4
9,0,0,2,2.21566500600238,1.0,0.5,1,wm,4
9,1,1,3,1.19994733500425,1.0,0.5,1,wm,4
9,1,1,4,3.68021804599994,1.0,1.0,1,wm,4
9,0,1,3,1.79861597600029,1.0,1.0,0,wm,4
9,1,1,4,1.3487986120017,1.0,0.5,1,wm,4
9,1,1,3,1.44618214900038,1.0,1.0,1,wm,4
9,0,0,2,1.53676714799803,1.0,1.0,1,wm,4
9,1,1,2,1.18579379099901,1.0,0.5,1,wm,4
9,0,0,3,1.37018043400167,1.0,0.5,1,wm,4
9,0,0,3,1.6970107920024,1.0,1.0,1,wm,4
9,0,1,2,1.1293869129986,1.0,0.5,0,wm,4
9,0,0,2,2.75176860599822,1.0,0.5,1,wm,4
9,1,1,3,1.08289452200188,1.0,1.0,1,wm,4
9,1,1,3,1.05938574700122,1.0,0.5,1,wm,4
9,1,1,4,1.18821284699879,1.0,1.0,1,wm,4
9,1,1,4,1.08246444900215,1.0,0.5,1,wm,4
9,1,1,3,1.37899209600073,1.0,1.0,1,wm,4
9,1,1,3,1.14796275999834,1.0,0.5,1,wm,4
9,1,1,3,1.4299535900027,1.0,0.5,1,wm,4
9,1,1,2,1.18802473300093,1.0,0.5,1,wm,4
9,1,1,4,1.2224409790033,1.0,0.5,1,wm,4
9,1,1,3,1.26609374200416,1.0,1.0,1,wm,4
9,0,0,4,2.25298916400061,1.0,0.5,1,wm,4
10,1,1,1,2.53839814200001,1.0,1.0,1,wm,3
10,1,0,2,3.88864081300017,1.0,0.5,0,wm,3
10,1,0,1,3.54840490399965,1.0,0.5,0,wm,3
10,1,0,1,2.67539176900027,1.0,0.5,0,wm,3
10,0,1,2,1.85402009500012,1.0,0.5,0,wm,3
10,0,0,2,4.8959840410007,1.0,0.5,1,wm,3
10,1,0,1,1.68531600300048,1.0,1.0,0,wm,3
10,0,0,2,2.65615226000045,1.0,1.0,1,wm,3
10,1,1,1,2.23611979599991,1.0,0.5,1,wm,3
10,0,0,2,1.43417022100039,1.0,0.5,1,wm,3
10,0,1,2,1.71823021,1.0,1.0,0,wm,3
10,1,0,2,2.05825608000032,1.0,1.0,0,wm,3
10,0,0,1,2.23979935900024,1.0,0.5,1,wm,3
10,1,0,1,2.13646178199997,1.0,1.0,0,wm,3
10,0,1,1,1.70072270000037,1.0,1.0,0,wm,3
10,0,1,1,1.38276376700105,1.0,1.0,0,wm,3
10,1,1,2,1.44669756900021,1.0,1.0,1,wm,3
10,0,1,1,1.98098989099981,1.0,0.5,0,wm,3
10,1,1,1,1.60556608600018,1.0,1.0,1,wm,3
10,0,0,2,2.38956431900078,1.0,0.5,1,wm,3
10,0,0,2,1.70559395100008,1.0,1.0,1,wm,3
10,1,1,1,1.13251444700018,1.0,1.0,1,wm,3
10,1,1,3,1.20335192000039,1.0,1.0,1,wm,3
10,0,0,2,4.2451691640008,1.0,0.5,1,wm,3
10,1,1,1,1.74253129099998,1.0,1.0,1,wm,3
10,1,0,1,1.77441273100067,1.0,1.0,0,wm,3
10,0,1,1,1.89014339000005,1.0,1.0,0,wm,3
10,0,0,2,1.83801084300012,1.0,1.0,1,wm,3
10,0,1,2,2.20655905900094,1.0,0.5,0,wm,3
10,1,1,1,2.42391127700012,1.0,0.5,1,wm,3
10,1,1,2,1.72639365500072,1.0,0.5,1,wm,3
10,0,0,2,1.95864909300053,1.0,1.0,1,wm,3
10,1,1,2,1.86695678300021,1.0,1.0,1,wm,3
10,0,1,2,2.72940161400038,1.0,0.5,0,wm,3
10,1,0,2,3.45853820899993,1.0,1.0,0,wm,3
10,0,0,2,1.93727940000008,1.0,0.5,1,wm,3
10,0,0,2,2.11455780500091,1.0,1.0,1,wm,3
10,1,1,2,15.170955347,1.0,0.5,1,wm,3
10,0,0,2,1.49812481699973,1.0,1.0,1,wm,3
10,0,1,1,1.72897636700054,1.0,1.0,0,wm,3
10,1,1,2,1.768851369,1.0,1.0,1,wm,3
10,0,0,2,2.13247924999996,1.0,0.5,1,wm,3
10,1,1,2,1.70292056200105,1.0,1.0,1,wm,3
10,0,1,1,1.84230236700023,1.0,0.5,0,wm,3
10,1,1,1,1.83364402100051,1.0,1.0,1,wm,3
10,0,0,1,1.90878574000089,1.0,0.5,1,wm,3
10,0,0,1,2.01419576300032,1.0,0.5,1,wm,3
10,0,1,1,1.44982101400092,1.0,1.0,0,wm,3
10,1,1,2,1.32256315599989,1.0,1.0,1,wm,3
10,0,0,2,1.46039925100013,1.0,1.0,1,wm,3
10,1,1,2,4.98258049000015,1.0,1.0,1,wm,3
10,1,0,1,1.94618735200038,1.0,0.5,0,wm,3
10,1,1,1,1.60534479000034,1.0,0.5,1,wm,3
10,0,0,1,1.56117725100103,1.0,1.0,1,wm,3
10,0,1,1,1.99039721000008,1.0,0.5,0,wm,3
10,0,0,1,3.86782723400029,1.0,0.5,1,wm,3
10,1,1,2,1.44814193999991,1.0,0.5,1,wm,3
10,1,1,2,1.60609221699997,1.0,1.0,1,wm,3
10,0,1,1,1.73780468900077,1.0,0.5,0,wm,3
10,1,1,2,1.62350238700037,1.0,0.5,1,wm,3
10,0,0,2,2.70650969300004,3.0,0.5,1,wm,4
10,0,0,2,3.3309258850004,3.0,0.5,1,wm,4
10,1,1,2,1.88982543200018,3.0,1.0,1,wm,4
10,0,0,1,3.51432649900016,3.0,0.5,1,wm,4
10,0,1,2,1.56941056699998,3.0,0.5,0,wm,4
10,0,0,2,1.524867137,3.0,1.0,1,wm,4
10,1,1,2,1.95278617799977,3.0,0.5,1,wm,4
10,0,0,2,1.76271409200035,3.0,1.0,1,wm,4
10,1,0,2,2.9063160200003,3.0,1.0,0,wm,4
10,1,1,2,1.57906531899971,3.0,1.0,1,wm,4
10,1,0,1,2.27346651300013,3.0,0.5,0,wm,4
10,0,0,2,4.46818108200023,3.0,0.5,1,wm,4
10,1,1,3,1.56842016199971,3.0,1.0,1,wm,4
10,1,1,2,1.53974093200031,3.0,1.0,1,wm,4
10,0,0,2,3.02939100700041,3.0,0.5,1,wm,4
10,0,1,1,3.40794043300048,3.0,1.0,0,wm,4
10,1,1,2,1.55923749800058,3.0,1.0,1,wm,4
10,0,0,1,2.46402080999997,3.0,0.5,1,wm,4
10,0,0,2,2.18696313700002,3.0,0.5,1,wm,4
10,1,1,2,6.48007352000059,3.0,0.5,1,wm,4
10,0,0,2,1.88855046700064,3.0,0.5,1,wm,4
10,0,0,2,1.6439056650006,3.0,0.5,1,wm,4
10,1,0,2,1.48830697100038,3.0,0.5,0,wm,4
10,1,1,2,2.71458479000012,3.0,0.5,1,wm,4
10,1,1,2,1.67816674599999,3.0,1.0,1,wm,4
10,1,1,3,1.53581949800082,3.0,1.0,1,wm,4
10,1,1,3,1.26731853700039,3.0,0.5,1,wm,4
10,1,1,3,1.42310057500072,3.0,0.5,1,wm,4
10,1,1,1,2.4950108890007,3.0,0.5,1,wm,4
10,1,1,1,2.3605021909998,3.0,0.5,1,wm,4
10,1,1,2,1.43990095500067,3.0,0.5,1,wm,4
10,1,1,2,1.7460855140007,3.0,1.0,1,wm,4
10,0,0,2,1.80509589200028,3.0,1.0,1,wm,4
10,0,0,2,1.59312370800035,3.0,1.0,1,wm,4
10,1,1,2,1.66746015900026,3.0,1.0,1,wm,4
10,0,0,2,1.79408767400037,3.0,0.5,1,wm,4
10,0,0,2,1.87571091700102,3.0,0.5,1,wm,4
10,1,1,2,2.58081896400108,3.0,0.5,1,wm,4
10,1,0,2,1.58020132199999,3.0,0.5,0,wm,4
10,1,1,2,1.52308414199979,3.0,0.5,1,wm,4
10,1,1,3,1.6518423259995,3.0,1.0,1,wm,4
10,1,0,2,1.65907119999974,3.0,1.0,0,wm,4
10,0,0,1,2.64060156300002,3.0,1.0,1,wm,4
10,1,0,1,2.00325367400001,3.0,0.5,0,wm,4
10,1,0,1,2.696336987,3.0,0.5,0,wm,4
10,1,1,1,1.58827371700045,3.0,0.5,1,wm,4
10,1,1,3,1.31504381200011,3.0,1.0,1,wm,4
10,0,0,1,4.59065925499999,3.0,1.0,1,wm,4
10,0,0,2,2.29908780500045,3.0,1.0,1,wm,4
10,1,1,2,2.64579684800083,3.0,0.5,1,wm,4
10,1,1,1,2.03926736100038,3.0,0.5,1,wm,4
10,0,0,3,1.69745577700087,3.0,1.0,1,wm,4
10,1,0,2,1.8190195670004,3.0,0.5,0,wm,4
10,0,0,1,2.43574524500036,3.0,0.5,1,wm,4
10,0,0,1,2.11547826600054,3.0,0.5,1,wm,4
10,0,0,2,1.28039947100024,3.0,1.0,1,wm,4
10,0,0,3,1.32431936499961,3.0,1.0,1,wm,4
10,0,0,2,1.83016772799965,3.0,1.0,1,wm,4
10,0,0,2,1.58169204600017,3.0,0.5,1,wm,4
10,1,1,3,1.68711622400042,3.0,1.0,1,wm,4
11,1,1,2,2.79631838900241,3.0,0.5,1,wm,3
11,0,0,2,1.58433466799761,3.0,0.5,1,wm,3
11,0,0,3,1.54690410400508,3.0,0.5,1,wm,3
11,1,1,2,1.95609292500012,3.0,0.5,1,wm,3
11,1,1,2,1.52822630400624,3.0,0.5,1,wm,3
11,1,0,2,3.99316578700382,3.0,1.0,0,wm,3
11,0,0,1,3.4390639770063,3.0,1.0,1,wm,3
11,1,1,1,1.58659227200405,3.0,0.5,1,wm,3
11,0,1,1,1.09168140400288,3.0,1.0,0,wm,3
11,0,0,2,1.02926711400505,3.0,1.0,1,wm,3
11,1,1,1,0.88219250900147,3.0,1.0,1,wm,3
11,0,0,2,1.50252432900015,3.0,1.0,1,wm,3
11,0,0,2,2.48681476100319,3.0,0.5,1,wm,3
11,1,1,2,0.941358017997118,3.0,0.5,1,wm,3
11,0,0,1,1.52933820900216,3.0,1.0,1,wm,3
11,1,0,2,2.11744197500229,3.0,0.5,0,wm,3
11,1,1,1,6.7721737949978,3.0,0.5,1,wm,3
11,0,0,2,1.27703334500256,3.0,0.5,1,wm,3
11,1,0,1,0.775296808002167,3.0,1.0,0,wm,3
11,1,0,1,1.94486787400092,3.0,1.0,0,wm,3
11,1,0,1,1.26900641500833,3.0,0.5,0,wm,3
11,0,0,1,1.69430214400199,3.0,1.0,1,wm,3
11,0,0,1,1.51757799299958,3.0,1.0,1,wm,3
11,0,0,1,0.865360563002469,3.0,0.5,1,wm,3
11,1,1,1,1.54307585700008,3.0,1.0,1,wm,3
11,0,1,1,1.57316889400681,3.0,1.0,0,wm,3
11,1,0,1,1.22133662000851,3.0,1.0,0,wm,3
11,0,1,1,1.24183918399649,3.0,0.5,0,wm,3
11,0,0,1,0.699858151005174,3.0,1.0,1,wm,3
11,1,1,1,2.58756570600235,3.0,0.5,1,wm,3
11,1,1,2,2.03825667299679,3.0,1.0,1,wm,3
11,1,1,2,1.81080568100151,3.0,1.0,1,wm,3
11,0,1,1,1.1350450950049,3.0,0.5,0,wm,3
11,1,0,2,2.94046683699708,3.0,1.0,0,wm,3
11,0,1,1,1.73027751100744,3.0,1.0,0,wm,3
11,1,1,1,0.741120112004864,3.0,1.0,1,wm,3
11,0,0,1,2.29446248299791,3.0,1.0,1,wm,3
11,1,1,2,1.02841241200076,3.0,1.0,1,wm,3
11,1,1,2,1.62786864599911,3.0,1.0,1,wm,3
11,0,0,2,1.36352742099552,3.0,1.0,1,wm,3
11,1,1,1,4.07680176499707,3.0,0.5,1,wm,3
11,1,0,1,0.922754218998307,3.0,0.5,0,wm,3
11,1,1,1,1.43435166499694,3.0,0.5,1,wm,3
11,1,0,1,0.861049541003013,3.0,1.0,0,wm,3
11,0,0,2,1.05981359099678,3.0,0.5,1,wm,3
11,1,0,1,0.864818688001833,3.0,0.5,0,wm,3
11,0,1,1,0.718726931001584,3.0,0.5,0,wm,3
11,0,1,1,0.766494281000632,3.0,0.5,0,wm,3
11,0,0,2,1.12069903500378,3.0,0.5,1,wm,3
11,0,1,2,1.11860215500201,3.0,0.5,0,wm,3
11,1,0,2,0.862280675006332,3.0,1.0,0,wm,3
11,1,1,1,0.766371399004129,3.0,0.5,1,wm,3
11,1,1,1,0.683880658005364,3.0,0.5,1,wm,3
11,0,1,2,2.26245330600068,3.0,1.0,0,wm,3
11,0,0,2,0.870717108999088,3.0,1.0,1,wm,3
11,0,1,1,1.40032132499618,3.0,1.0,0,wm,3
11,1,1,1,1.19651053600683,3.0,1.0,1,wm,3
11,0,1,2,1.57914416400308,3.0,0.5,0,wm,3
11,1,1,1,0.779772163004964,3.0,0.5,1,wm,3
11,1,1,2,0.67811154499941,3.0,1.0,1,wm,3
11,0,0,3,1.72080712699972,1.0,1.0,1,wm,4
11,1,1,3,1.02464932000294,1.0,1.0,1,wm,4
11,0,0,2,1.88965192400065,1.0,1.0,1,wm,4
11,0,0,2,0.746768452001561,1.0,0.5,1,wm,4
11,0,0,2,0.888613490002172,1.0,1.0,1,wm,4
11,1,1,2,1.44262785500177,1.0,1.0,1,wm,4
11,1,1,2,0.812977950001368,1.0,1.0,1,wm,4
11,0,0,2,1.27472866400058,1.0,0.5,1,wm,4
11,1,1,2,1.19466061099956,1.0,0.5,1,wm,4
11,0,1,3,1.11716784900636,1.0,1.0,0,wm,4
11,0,0,2,2.03299233500002,1.0,1.0,1,wm,4
11,1,1,2,1.97490819700033,1.0,0.5,1,wm,4
11,1,1,2,1.49894945199776,1.0,1.0,1,wm,4
11,1,1,2,1.34153848799906,1.0,1.0,1,wm,4
11,0,0,2,1.1558902510078,1.0,1.0,1,wm,4
11,0,0,2,0.732254581002053,1.0,1.0,1,wm,4
11,1,0,2,0.887795804999769,1.0,0.5,0,wm,4
11,0,0,2,0.749406927003292,1.0,1.0,1,wm,4
11,0,1,1,3.07337524000468,1.0,0.5,0,wm,4
11,0,0,1,1.94272726400231,1.0,1.0,1,wm,4
11,0,0,1,1.23036326700094,1.0,0.5,1,wm,4
11,0,1,2,1.19335342900013,1.0,0.5,0,wm,4
11,0,0,2,0.9707479159988,1.0,0.5,1,wm,4
11,0,1,2,1.06123476100038,1.0,0.5,0,wm,4
11,0,1,2,1.59975075200055,1.0,0.5,0,wm,4
11,1,1,2,1.36331008600246,1.0,1.0,1,wm,4
11,0,0,2,1.25720352200005,1.0,1.0,1,wm,4
11,0,1,2,2.95296009500453,1.0,1.0,0,wm,4
11,0,0,2,1.31060698100191,1.0,1.0,1,wm,4
11,1,1,2,2.55157856400183,1.0,0.5,1,wm,4
11,1,1,3,1.07248232200072,1.0,0.5,1,wm,4
11,1,1,3,1.08834369699616,1.0,0.5,1,wm,4
11,0,1,1,6.89377085199521,1.0,1.0,0,wm,4
11,0,1,2,1.01901479600201,1.0,1.0,0,wm,4
11,0,1,2,1.11945779000234,1.0,1.0,0,wm,4
11,0,0,2,1.04344398600369,1.0,0.5,1,wm,4
11,0,1,1,3.40357585099991,1.0,0.5,0,wm,4
11,0,0,1,1.41488021300029,1.0,1.0,1,wm,4
11,1,1,1,0.710042549995705,1.0,0.5,1,wm,4
11,0,0,2,1.71428526000091,1.0,1.0,1,wm,4
11,1,1,1,1.45709530200111,1.0,1.0,1,wm,4
11,0,0,2,0.971496356003627,1.0,1.0,1,wm,4
11,1,1,1,0.889347526004713,1.0,0.5,1,wm,4
11,0,0,1,1.68523386799643,1.0,1.0,1,wm,4
11,0,0,1,1.98221047900006,1.0,0.5,1,wm,4
11,1,1,2,0.794847286000731,1.0,0.5,1,wm,4
11,1,1,2,1.24294608700438,1.0,0.5,1,wm,4
11,0,0,1,2.64865299299709,1.0,0.5,1,wm,4
11,1,1,2,1.0377414579998,1.0,0.5,1,wm,4
11,1,1,2,0.923115053999936,1.0,1.0,1,wm,4
11,0,1,1,0.751134110003477,1.0,0.5,0,wm,4
11,1,1,2,1.82156569100334,1.0,1.0,1,wm,4
11,1,1,2,0.813641795000876,1.0,1.0,1,wm,4
11,1,0,1,1.20857855599752,1.0,0.5,0,wm,4
11,1,0,2,0.868463839004107,1.0,0.5,0,wm,4
11,1,1,2,1.36530489200231,1.0,1.0,1,wm,4
11,0,0,1,0.993291416998545,1.0,0.5,1,wm,4
11,0,1,2,2.20040336100647,1.0,1.0,0,wm,4
11,0,0,2,0.817823460005457,1.0,0.5,1,wm,4
11,1,0,1,1.13219022500562,1.0,0.5,0,wm,4
12,1,1,2,4.15888183900097,3.0,1.0,1,wm,3
12,0,1,2,2.48032128000341,3.0,1.0,0,wm,3
12,1,1,3,3.84976274600194,3.0,0.5,1,wm,3
12,1,0,2,2.25182669100468,3.0,0.5,0,wm,3
12,0,0,3,2.48531479401572,3.0,1.0,1,wm,3
12,0,0,3,3.28918545000488,3.0,0.5,1,wm,3
12,1,0,2,2.41746257300838,3.0,0.5,0,wm,3
12,1,0,2,2.94968574501399,3.0,1.0,0,wm,3
12,1,0,2,4.24869694201334,3.0,1.0,0,wm,3
12,1,1,3,1.86281339000561,3.0,1.0,1,wm,3
12,0,0,2,2.24084072600817,3.0,1.0,1,wm,3
12,1,0,2,1.96102513599908,3.0,0.5,0,wm,3
12,0,0,2,2.16102809300355,3.0,1.0,1,wm,3
12,0,0,2,2.18390759000613,3.0,1.0,1,wm,3
12,1,1,3,5.1580497410032,3.0,1.0,1,wm,3
12,1,1,2,2.6056285030063,3.0,1.0,1,wm,3
12,0,0,1,2.23623308900278,3.0,1.0,1,wm,3
12,0,1,1,2.48699606100854,3.0,0.5,0,wm,3
12,0,0,2,2.07973722899624,3.0,0.5,1,wm,3
12,0,1,2,2.57825527800014,3.0,1.0,0,wm,3
12,0,1,3,2.10716032900382,3.0,0.5,0,wm,3
12,0,0,2,2.41245197800163,3.0,0.5,1,wm,3
12,0,1,2,2.96625376801239,3.0,0.5,0,wm,3
12,1,1,1,2.67643485000008,3.0,1.0,1,wm,3
12,1,1,1,1.90528625500156,3.0,1.0,1,wm,3
12,0,0,1,2.62085487700824,3.0,1.0,1,wm,3
12,1,1,1,2.88191022600222,3.0,1.0,1,wm,3
12,1,0,1,1.93702127000142,3.0,1.0,0,wm,3
12,0,0,1,1.97941372101195,3.0,1.0,1,wm,3
12,0,0,1,1.73027004901087,3.0,0.5,1,wm,3
12,0,0,1,2.87786396101001,3.0,1.0,1,wm,3
12,1,1,1,2.19096481101587,3.0,0.5,1,wm,3
12,0,1,1,3.60762043700379,3.0,1.0,0,wm,3
12,0,0,2,2.90346041900921,3.0,0.5,1,wm,3
12,0,0,2,2.33101290601189,3.0,1.0,1,wm,3
12,0,0,2,4.55516451901349,3.0,0.5,1,wm,3
12,1,0,1,2.15096899399941,3.0,1.0,0,wm,3
12,1,0,2,1.84259798000858,3.0,0.5,0,wm,3
12,0,0,1,1.64498207000725,3.0,0.5,1,wm,3
12,1,1,2,1.8801391619927,3.0,0.5,1,wm,3
12,0,0,1,1.94944161300373,3.0,0.5,1,wm,3
12,0,1,1,1.827670950006,3.0,0.5,0,wm,3
12,1,1,3,2.37031084499904,3.0,0.5,1,wm,3
12,1,1,3,2.09112936400925,3.0,0.5,1,wm,3
12,1,1,3,1.75323480200313,3.0,1.0,1,wm,3
12,0,1,3,2.6403491779929,3.0,1.0,0,wm,3
12,1,1,2,1.93957757300814,3.0,0.5,1,wm,3
12,0,0,2,3.43952709400037,3.0,1.0,1,wm,3
12,0,1,2,3.16867922300298,3.0,0.5,0,wm,3
12,0,0,2,5.37981482500618,3.0,1.0,1,wm,3
12,1,1,2,2.21861204699962,3.0,0.5,1,wm,3
12,0,0,2,1.89573723301874,3.0,0.5,1,wm,3
12,0,0,2,1.67246168201382,3.0,1.0,1,wm,3
12,0,0,3,2.02561359200627,3.0,0.5,1,wm,3
12,0,0,2,2.02378696900269,3.0,0.5,1,wm,3
12,1,0,2,1.61889968600008,3.0,1.0,0,wm,3
12,1,0,2,1.5320340530161,3.0,0.5,0,wm,3
12,0,0,2,1.86032606101071,3.0,1.0,1,wm,3
12,0,0,2,1.79271978001634,3.0,0.5,1,wm,3
12,1,0,2,2.71496081301302,3.0,1.0,0,wm,3
12,0,1,1,4.537902726006,1.0,1.0,0,wm,4
12,0,0,3,1.38179809201392,1.0,0.5,1,wm,4
12,0,0,3,1.53022339601011,1.0,1.0,1,wm,4
12,1,1,3,4.92899963300442,1.0,0.5,1,wm,4
12,0,0,3,3.70929280000564,1.0,0.5,1,wm,4
12,0,0,3,1.38882840200677,1.0,1.0,1,wm,4
12,1,1,3,1.44785051100189,1.0,0.5,1,wm,4
12,1,1,3,1.49749275000067,1.0,1.0,1,wm,4
12,1,0,2,1.53181670600316,1.0,0.5,0,wm,4
12,1,0,2,1.5510247189959,1.0,1.0,0,wm,4
12,1,1,3,1.58918357899529,1.0,0.5,1,wm,4
12,1,0,2,1.33078813699831,1.0,0.5,0,wm,4
12,0,0,2,1.76232582201192,1.0,0.5,1,wm,4
12,1,0,2,1.71228328399593,1.0,1.0,0,wm,4
12,0,0,2,3.01458569799433,1.0,0.5,1,wm,4
12,0,0,2,3.99460436699155,1.0,1.0,1,wm,4
12,0,0,3,1.99578635199578,1.0,1.0,1,wm,4
12,0,0,3,2.92542217600567,1.0,0.5,1,wm,4
12,0,0,3,1.59224480400735,1.0,1.0,1,wm,4
12,1,5,3,2.23850851801399,1.0,1.0,0,wm,4
12,0,0,3,2.09668132801016,1.0,1.0,1,wm,4
12,0,0,3,1.12968180001189,1.0,0.5,1,wm,4
12,1,0,3,1.49577279000368,1.0,1.0,0,wm,4
12,1,1,3,14.0924074430077,1.0,0.5,1,wm,4
12,0,0,3,2.00367231300334,1.0,1.0,1,wm,4
12,0,0,4,2.55979366101383,1.0,1.0,1,wm,4
12,0,0,4,1.16003808399546,1.0,0.5,1,wm,4
12,0,1,2,2.15313807400526,1.0,0.5,0,wm,4
12,0,0,2,2.5788588830037,1.0,0.5,1,wm,4
12,1,0,2,1.73465380600828,1.0,1.0,0,wm,4
12,0,0,2,1.49454786900606,1.0,1.0,1,wm,4
12,1,1,3,1.87372782699822,1.0,0.5,1,wm,4
12,1,1,3,1.43519125500461,1.0,0.5,1,wm,4
12,1,1,3,1.03968538099434,1.0,1.0,1,wm,4
12,1,1,2,1.37298928601376,1.0,1.0,1,wm,4
12,0,1,3,1.40629346900096,1.0,1.0,0,wm,4
12,1,1,3,1.40426892301184,1.0,1.0,1,wm,4
12,1,1,3,1.07227159100876,1.0,1.0,1,wm,4
12,1,1,3,1.25725003299885,1.0,0.5,1,wm,4
12,0,0,2,1.98289280799509,1.0,1.0,1,wm,4
12,0,1,3,1.37183427601121,1.0,1.0,0,wm,4
12,1,1,4,1.05490842800646,1.0,1.0,1,wm,4
12,0,1,3,0.998019638995174,1.0,1.0,0,wm,4
12,1,1,3,1.3080282620067,1.0,0.5,1,wm,4
12,1,1,3,0.97535778900783,1.0,1.0,1,wm,4
12,0,0,3,1.52488154300954,1.0,1.0,1,wm,4
12,1,1,3,0.850687511003343,1.0,0.5,1,wm,4
12,0,0,2,1.49358503101394,1.0,1.0,1,wm,4
12,1,0,3,0.904719054000452,1.0,0.5,0,wm,4
12,1,1,4,1.28463183100394,1.0,0.5,1,wm,4
12,0,0,3,1.12951546099794,1.0,0.5,1,wm,4
12,1,1,3,1.04467077800655,1.0,0.5,1,wm,4
12,1,1,3,0.95039470300253,1.0,1.0,1,wm,4
12,0,0,2,1.20063674700214,1.0,1.0,1,wm,4
12,0,0,3,1.35709262000455,1.0,0.5,1,wm,4
12,1,1,3,1.28378613901441,1.0,0.5,1,wm,4
12,1,1,3,1.07345090800663,1.0,0.5,1,wm,4
12,1,1,3,0.968250251011341,1.0,0.5,1,wm,4
12,0,1,3,1.64669652500015,1.0,0.5,0,wm,4
12,1,0,3,1.31233301000611,1.0,0.5,0,wm,4
13,1,1,4,1.42625556299981,1.0,1.0,1,wm,3
13,0,1,1,1.01757842300003,1.0,1.0,0,wm,3
13,1,1,2,1.27874220400008,1.0,0.5,1,wm,3
13,0,1,2,1.1991538960001,1.0,0.5,0,wm,3
13,0,1,2,2.55225096599997,1.0,1.0,0,wm,3
13,1,1,3,1.32102054300003,1.0,1.0,1,wm,3
13,0,1,1,2.46570851500019,1.0,0.5,0,wm,3
13,0,1,1,1.59140781800033,1.0,1.0,0,wm,3
13,1,1,4,1.13188444100024,1.0,0.5,1,wm,3
13,1,1,2,1.50525342500032,1.0,1.0,1,wm,3
13,0,1,2,1.40215985299983,1.0,0.5,0,wm,3
13,1,1,2,1.86368090800033,1.0,0.5,1,wm,3
13,1,1,2,1.50483269100005,1.0,1.0,1,wm,3
13,0,1,2,1.29985967700031,1.0,0.5,0,wm,3
13,0,0,2,1.44312554699991,1.0,1.0,1,wm,3
13,1,1,1,1.21726735300035,1.0,0.5,1,wm,3
13,0,0,3,1.15578828600019,1.0,1.0,1,wm,3
13,1,1,2,1.40342401900034,1.0,0.5,1,wm,3
13,1,1,3,1.1576082800002,1.0,1.0,1,wm,3
13,1,1,2,1.70548268499988,1.0,1.0,1,wm,3
13,1,1,3,1.21633821600017,1.0,0.5,1,wm,3
13,1,1,1,1.10701193000023,1.0,1.0,1,wm,3
13,0,1,1,0.930710752000323,1.0,1.0,0,wm,3
13,1,1,1,2.33727237300036,1.0,1.0,1,wm,3
13,1,1,2,1.16104859500001,1.0,1.0,1,wm,3
13,1,1,2,1.76566905900017,1.0,1.0,1,wm,3
13,0,0,2,1.39306120099991,1.0,1.0,1,wm,3
13,1,0,1,1.19583269700024,1.0,0.5,0,wm,3
13,0,1,1,1.78154620499981,1.0,1.0,0,wm,3
13,0,1,2,1.75448693700037,1.0,1.0,0,wm,3
13,0,1,2,4.30185192100043,1.0,0.5,0,wm,3
13,1,1,2,1.52584524000031,1.0,0.5,1,wm,3
13,1,1,2,0.979776896000203,1.0,1.0,1,wm,3
13,0,0,3,1.16321736300006,1.0,1.0,1,wm,3
13,0,0,2,1.47658881300003,1.0,1.0,1,wm,3
13,1,1,2,1.25151216300037,1.0,0.5,1,wm,3
13,0,1,2,1.00470244100006,1.0,0.5,0,wm,3
13,0,0,3,1.79476490600018,1.0,1.0,1,wm,3
13,1,1,2,1.00460844400004,1.0,0.5,1,wm,3
13,0,0,3,1.43535975099985,1.0,0.5,1,wm,3
13,0,0,1,1.27888928600032,1.0,0.5,1,wm,3
13,1,0,3,1.41839690200004,1.0,0.5,0,wm,3
13,0,0,3,1.14774676500019,1.0,0.5,1,wm,3
13,1,1,3,1.11590386299986,1.0,1.0,1,wm,3
13,1,1,4,1.10834209200038,1.0,0.5,1,wm,3
13,1,1,2,0.96023547499999,1.0,1.0,1,wm,3
13,1,0,2,1.13847952200013,1.0,1.0,0,wm,3
13,1,0,1,1.40059546099974,1.0,0.5,0,wm,3
13,0,0,1,1.20075197100005,1.0,1.0,1,wm,3
13,0,0,3,1.29508334000002,1.0,0.5,1,wm,3
13,0,0,1,1.79079098100055,1.0,1.0,1,wm,3
13,1,1,1,1.31995415700021,1.0,0.5,1,wm,3
13,0,0,2,1.65285292499993,1.0,1.0,1,wm,3
13,1,0,1,1.48642489600024,1.0,0.5,0,wm,3
13,1,1,2,1.11177021100048,1.0,0.5,1,wm,3
13,1,1,3,0.948518098000022,1.0,0.5,1,wm,3
13,1,1,3,0.928197705999992,1.0,0.5,1,wm,3
13,0,0,3,1.30055444100026,1.0,1.0,1,wm,3
13,1,1,3,1.29811181200012,1.0,0.5,1,wm,3
13,0,0,3,1.15664421300016,1.0,1.0,1,wm,3
13,0,0,3,3.00036493500011,3.0,1.0,1,wm,4
13,0,0,2,1.46751388100029,3.0,1.0,1,wm,4
13,0,0,2,1.63854850400003,3.0,1.0,1,wm,4
13,1,1,3,1.16537534400049,3.0,0.5,1,wm,4
13,0,1,3,2.40446659899953,3.0,1.0,0,wm,4
13,0,0,2,1.24558970300041,3.0,1.0,1,wm,4
13,0,1,1,1.45958663500005,3.0,1.0,0,wm,4
13,0,1,3,1.29869877300007,3.0,0.5,0,wm,4
13,0,0,4,2.05650360300024,3.0,1.0,1,wm,4
13,0,0,4,3.24462904800021,3.0,1.0,1,wm,4
13,0,0,3,1.92566867700043,3.0,0.5,1,wm,4
13,1,1,3,1.85153777600044,3.0,0.5,1,wm,4
13,1,1,3,2.88642586300011,3.0,1.0,1,wm,4
13,1,1,3,1.5860006110006,3.0,0.5,1,wm,4
13,1,1,2,3.43083497099997,3.0,0.5,1,wm,4
13,1,0,2,2.07018966900068,3.0,0.5,0,wm,4
13,1,1,3,1.60863087500093,3.0,1.0,1,wm,4
13,1,1,3,1.16497435200017,3.0,0.5,1,wm,4
13,1,1,2,2.47223397800008,3.0,1.0,1,wm,4
13,1,1,3,1.61058395500095,3.0,1.0,1,wm,4
13,0,0,3,1.60531273400011,3.0,1.0,1,wm,4
13,1,1,3,1.73279009100042,3.0,0.5,1,wm,4
13,0,0,4,1.56604007599981,3.0,0.5,1,wm,4
13,1,0,4,3.01185274799991,3.0,1.0,0,wm,4
13,0,0,3,2.36213455100005,3.0,1.0,1,wm,4
13,0,0,3,1.7744381980001,3.0,0.5,1,wm,4
13,0,0,3,3.03009592300077,3.0,0.5,1,wm,4
13,0,0,3,2.93721024499973,3.0,0.5,1,wm,4
13,0,0,3,1.22379877100047,3.0,0.5,1,wm,4
13,1,1,4,1.38282085500032,3.0,1.0,1,wm,4
13,1,1,2,3.00952735600094,3.0,0.5,1,wm,4
13,0,1,4,1.42255205099991,3.0,0.5,0,wm,4
13,1,1,2,2.48137389200019,3.0,0.5,1,wm,4
13,1,0,2,2.22686581299968,3.0,1.0,0,wm,4
13,1,0,2,2.85698711900022,3.0,1.0,0,wm,4
13,0,0,3,2.67715817899989,3.0,0.5,1,wm,4
13,1,0,2,3.68807803400068,3.0,1.0,0,wm,4
13,1,1,3,1.20006973100044,3.0,1.0,1,wm,4
13,0,0,3,2.55753831600032,3.0,0.5,1,wm,4
13,0,0,3,3.99811731000045,3.0,1.0,1,wm,4
13,0,1,1,3.53483104200041,3.0,1.0,0,wm,4
13,1,1,4,1.58895663500061,3.0,1.0,1,wm,4
13,1,1,3,1.55765095400056,3.0,1.0,1,wm,4
13,1,1,3,1.24301875399942,3.0,1.0,1,wm,4
13,1,0,3,2.50867031500002,3.0,0.5,0,wm,4
13,0,0,3,1.54385864400047,3.0,1.0,1,wm,4
13,0,0,3,1.2871768949999,3.0,1.0,1,wm,4
13,0,0,2,1.47555086800003,3.0,0.5,1,wm,4
13,0,0,2,2.63582299300015,3.0,1.0,1,wm,4
13,0,0,1,3.85288122499969,3.0,1.0,1,wm,4
13,1,1,3,1.6302046689998,3.0,0.5,1,wm,4
13,1,1,3,1.22658181400038,3.0,1.0,1,wm,4
13,1,0,2,1.21165856500011,3.0,1.0,0,wm,4
13,0,0,2,1.07565471599992,3.0,0.5,1,wm,4
13,0,0,2,1.38711402100034,3.0,1.0,1,wm,4
13,0,1,3,1.45182190000014,3.0,0.5,0,wm,4
13,0,1,3,1.13863259600021,3.0,1.0,0,wm,4
13,1,1,4,1.96654603800016,3.0,0.5,1,wm,4
13,1,1,1,3.4421556289999,3.0,0.5,1,wm,4
13,0,0,3,4.09875789200032,3.0,1.0,1,wm,4
14,1,1,3,2.90530303000196,3.0,0.5,1,wm,3
14,0,1,3,1.5111789750008,3.0,0.5,0,wm,3
14,1,1,3,2.65526165200026,3.0,1.0,1,wm,3
14,0,0,3,2.81905535300029,3.0,1.0,1,wm,3
14,1,1,3,2.45515143100056,3.0,1.0,1,wm,3
14,1,1,3,1.85807515399938,3.0,0.5,1,wm,3
14,1,1,3,1.71240208400013,3.0,1.0,1,wm,3
14,1,1,2,1.60495807100051,3.0,0.5,1,wm,3
14,0,0,3,1.61125660799917,3.0,1.0,1,wm,3
14,0,0,2,1.7263742819996,3.0,1.0,1,wm,3
14,1,1,3,3.44266997500199,3.0,1.0,1,wm,3
14,1,1,3,3.58665373700023,3.0,0.5,1,wm,3
14,0,0,3,2.18117407800128,3.0,0.5,1,wm,3
14,0,1,3,1.53417844499927,3.0,0.5,0,wm,3
14,1,0,3,1.83067515100083,3.0,1.0,0,wm,3
14,1,0,3,1.13309212900094,3.0,1.0,0,wm,3
14,0,0,2,2.19053540800087,3.0,1.0,1,wm,3
14,0,0,3,1.83416343600038,3.0,1.0,1,wm,3
14,1,0,3,2.91916202100037,3.0,1.0,0,wm,3
14,1,0,3,2.02497687700088,3.0,0.5,0,wm,3
14,1,1,3,1.79042990800008,3.0,1.0,1,wm,3
14,1,0,2,2.57591786699959,3.0,1.0,0,wm,3
14,1,1,2,2.36891805699997,3.0,0.5,1,wm,3
14,1,0,2,1.8718777740014,3.0,1.0,0,wm,3
14,1,1,3,1.00340164900081,3.0,0.5,1,wm,3
14,1,0,3,2.16735437600073,3.0,0.5,0,wm,3
14,1,1,3,1.07133442700069,3.0,1.0,1,wm,3
14,0,0,3,1.54988594900169,3.0,0.5,1,wm,3
14,0,0,3,2.04922770700068,3.0,1.0,1,wm,3
14,1,1,3,2.25890701999924,3.0,1.0,1,wm,3
14,0,1,3,2.00483164999969,3.0,1.0,0,wm,3
14,0,0,3,1.93873151299886,3.0,0.5,1,wm,3
14,0,0,3,2.07682282600035,3.0,1.0,1,wm,3
14,0,0,3,2.61675238799944,3.0,1.0,1,wm,3
14,0,0,3,1.71653350700217,3.0,0.5,1,wm,3
14,0,0,3,1.79905187700024,3.0,1.0,1,wm,3
14,0,0,3,2.4002576189996,3.0,1.0,1,wm,3
14,1,1,3,1.95280973300214,3.0,0.5,1,wm,3
14,1,1,3,1.59245453099902,3.0,1.0,1,wm,3
14,0,0,4,1.77715314099987,3.0,1.0,1,wm,3
14,0,0,3,2.17417686699991,3.0,0.5,1,wm,3
14,1,1,3,1.90228774600109,3.0,1.0,1,wm,3
14,0,0,3,2.25128962599956,3.0,0.5,1,wm,3
14,1,1,3,2.46309381599895,3.0,1.0,1,wm,3
14,0,0,2,3.77353311600018,3.0,0.5,1,wm,3
14,1,1,3,1.74583095799971,3.0,1.0,1,wm,3
14,0,1,3,1.2779355269995,3.0,1.0,0,wm,3
14,0,0,3,2.67616527200153,3.0,1.0,1,wm,3
14,1,1,3,1.79508842200084,3.0,0.5,1,wm,3
14,0,0,3,1.81026478900094,3.0,0.5,1,wm,3
14,0,0,3,1.62242724100179,3.0,0.5,1,wm,3
14,1,1,3,2.16722693200063,3.0,0.5,1,wm,3
14,1,1,2,2.94946342399999,3.0,1.0,1,wm,3
14,0,1,2,2.11798131900105,3.0,1.0,0,wm,3
14,0,0,2,1.8525792950004,3.0,1.0,1,wm,3
14,1,1,3,1.45585725700039,3.0,0.5,1,wm,3
14,1,1,3,2.07135695200122,3.0,1.0,1,wm,3
14,1,1,3,1.40457762799997,3.0,1.0,1,wm,3
14,0,1,2,1.6139273509998,3.0,1.0,0,wm,3
14,0,0,3,1.55161181299991,3.0,1.0,1,wm,3
14,0,1,4,1.37822390899964,1.0,1.0,0,wm,4
14,0,1,4,1.14272251799957,1.0,0.5,0,wm,4
14,0,0,4,0.553283786000975,1.0,1.0,1,wm,4
14,0,0,4,1.1859757150014,1.0,0.5,1,wm,4
14,0,0,4,1.42856767800004,1.0,1.0,1,wm,4
14,1,0,4,2.06712069400055,1.0,0.5,0,wm,4
14,0,0,4,0.971827469998971,1.0,0.5,1,wm,4
14,1,1,4,0.676490855999873,1.0,1.0,1,wm,4
14,1,1,4,0.778742021999278,1.0,0.5,1,wm,4
14,0,1,4,0.999520556999414,1.0,1.0,0,wm,4
14,0,0,4,0.854031973000019,1.0,0.5,1,wm,4
14,0,1,3,1.01535445100126,1.0,1.0,0,wm,4
14,0,0,4,1.45768305800084,1.0,1.0,1,wm,4
14,1,1,4,0.663996675000817,1.0,1.0,1,wm,4
14,1,1,4,0.884566598999299,1.0,1.0,1,wm,4
14,0,0,3,0.631332399001622,1.0,0.5,1,wm,4
14,0,0,4,1.02194315800079,1.0,0.5,1,wm,4
14,1,1,4,1.08233893600118,1.0,0.5,1,wm,4
14,0,1,3,2.12911713500216,1.0,0.5,0,wm,4
14,0,1,3,0.809091037999679,1.0,0.5,0,wm,4
14,0,0,4,1.01409712500026,1.0,0.5,1,wm,4
14,0,0,3,0.863012774001618,1.0,1.0,1,wm,4
14,0,1,1,0.507724128001428,1.0,0.5,0,wm,4
14,1,0,3,0.984985114000665,1.0,0.5,0,wm,4
14,0,1,2,0.963849140000093,1.0,1.0,0,wm,4
14,1,1,4,1.20681001999947,1.0,0.5,1,wm,4
14,1,0,3,1.37790643500011,1.0,0.5,0,wm,4
14,1,1,3,0.760521277999942,1.0,1.0,1,wm,4
14,0,0,4,1.04958514100144,1.0,1.0,1,wm,4
14,0,0,3,1.09927491800045,1.0,0.5,1,wm,4
14,1,0,3,1.20560351600034,1.0,1.0,0,wm,4
14,1,1,3,1.53546000099959,1.0,1.0,1,wm,4
14,0,0,4,1.33945729399966,1.0,1.0,1,wm,4
14,0,0,4,0.950730634000138,1.0,0.5,1,wm,4
14,1,0,4,1.28303819299981,1.0,0.5,0,wm,4
14,0,0,4,0.793961027000478,1.0,0.5,1,wm,4
14,0,1,2,1.18158064199997,1.0,1.0,0,wm,4
14,0,1,2,1.0249114140006,1.0,1.0,0,wm,4
14,1,1,2,1.24619949200132,1.0,1.0,1,wm,4
14,1,5,3,0.582533777000208,1.0,0.5,1,wm,4
14,1,1,3,1.15891370800091,1.0,0.5,1,wm,4
14,0,0,3,0.690839499999129,1.0,1.0,1,wm,4
14,1,1,3,1.22160451200034,1.0,1.0,1,wm,4
14,1,1,3,1.60899075500129,1.0,1.0,1,wm,4
14,0,0,3,0.691156702001535,1.0,0.5,1,wm,4
14,1,1,3,1.0152586180011,1.0,1.0,1,wm,4
14,0,0,3,1.13292936499965,1.0,1.0,1,wm,4
14,1,1,3,1.51866257000074,1.0,0.5,1,wm,4
14,0,1,2,0.606540131000656,1.0,1.0,0,wm,4
14,1,1,2,1.08106252000107,1.0,1.0,1,wm,4
14,1,1,3,0.807773242999247,1.0,0.5,1,wm,4
14,0,0,3,0.703744346001258,1.0,1.0,1,wm,4
14,0,1,3,1.04506694600059,1.0,1.0,0,wm,4
14,1,0,1,0.995775220000723,1.0,0.5,0,wm,4
14,0,0,2,0.785258837000583,1.0,1.0,1,wm,4
14,0,0,2,1.22292283699971,1.0,0.5,1,wm,4
14,1,1,4,1.02384096599963,1.0,0.5,1,wm,4
14,0,0,4,0.96136040500096,1.0,1.0,1,wm,4
14,1,1,2,0.991824732001987,1.0,0.5,1,wm,4
14,1,1,4,0.748970484000893,1.0,0.5,1,wm,4
15,1,1,4,2.9377825599986,1.0,0.5,1,wm,3
15,0,0,4,1.70664025400038,1.0,0.5,1,wm,3
15,1,1,4,1.21450253200237,1.0,1.0,1,wm,3
15,1,1,3,1.33712326000023,1.0,1.0,1,wm,3
15,1,1,3,1.32877815900429,1.0,0.5,1,wm,3
15,1,1,3,1.26103172700095,1.0,0.5,1,wm,3
15,0,0,3,2.59234094899875,1.0,0.5,1,wm,3
15,0,1,3,2.14065257300172,1.0,1.0,0,wm,3
15,1,1,3,2.16788337300022,1.0,0.5,1,wm,3
15,0,0,3,2.00871801500398,1.0,0.5,1,wm,3
15,1,1,4,1.55973012300092,1.0,0.5,1,wm,3
15,1,1,3,1.54630733100203,1.0,1.0,1,wm,3
15,1,1,3,1.14046418300131,1.0,1.0,1,wm,3
15,0,0,3,2.40670151499944,1.0,1.0,1,wm,3
15,1,1,3,1.26034274100311,1.0,1.0,1,wm,3
15,0,0,3,1.11745314100335,1.0,1.0,1,wm,3
15,1,1,3,2.00699285600058,1.0,0.5,1,wm,3
15,0,0,3,1.72185558200363,1.0,1.0,1,wm,3
15,0,0,3,1.25180977300261,1.0,0.5,1,wm,3
15,1,1,3,3.52490978100104,1.0,0.5,1,wm,3
15,0,0,3,1.14550416900238,1.0,1.0,1,wm,3
15,1,1,3,1.37278841199804,1.0,1.0,1,wm,3
15,1,1,3,1.28882068400344,1.0,0.5,1,wm,3
15,1,1,3,1.17523248400175,1.0,1.0,1,wm,3
15,0,0,3,0.790736638002272,1.0,0.5,1,wm,3
15,1,1,3,3.04525455700059,1.0,0.5,1,wm,3
15,0,0,2,1.27782045600179,1.0,1.0,1,wm,3
15,1,1,3,1.04251492400363,1.0,0.5,1,wm,3
15,1,1,4,0.966224273000989,1.0,1.0,1,wm,3
15,0,0,3,1.91497467199952,1.0,1.0,1,wm,3
15,0,0,3,2.55191969100269,1.0,1.0,1,wm,3
15,0,0,3,1.81198286300059,1.0,1.0,1,wm,3
15,0,0,3,1.00147422900045,1.0,1.0,1,wm,3
15,0,0,3,1.06927933300176,1.0,1.0,1,wm,3
15,0,0,3,1.1904568050013,1.0,1.0,1,wm,3
15,1,1,3,1.07131638500141,1.0,1.0,1,wm,3
15,1,1,3,1.01025929900061,1.0,1.0,1,wm,3
15,0,0,2,1.28169236400208,1.0,1.0,1,wm,3
15,1,1,3,1.12058414900093,1.0,1.0,1,wm,3
15,0,1,2,1.12475196000014,1.0,0.5,0,wm,3
15,1,1,3,1.54915804499979,1.0,0.5,1,wm,3
15,1,1,3,0.975702450003155,1.0,1.0,1,wm,3
15,0,1,3,1.27302863200021,1.0,1.0,0,wm,3
15,1,0,2,2.36822536000182,1.0,1.0,0,wm,3
15,0,0,3,1.04546422500061,1.0,0.5,1,wm,3
15,0,0,3,0.857829819000472,1.0,1.0,1,wm,3
15,1,1,3,2.85834568700375,1.0,1.0,1,wm,3
15,0,0,3,1.15521722400081,1.0,0.5,1,wm,3
15,1,0,2,1.9936341850007,1.0,0.5,0,wm,3
15,0,0,2,1.05051217800064,1.0,1.0,1,wm,3
15,0,0,3,1.18182975500167,1.0,1.0,1,wm,3
15,0,0,3,1.98402239000279,1.0,1.0,1,wm,3
15,0,0,3,0.914446524002415,1.0,0.5,1,wm,3
15,1,0,3,1.50939303600171,1.0,0.5,0,wm,3
15,0,0,3,1.38919261700357,1.0,0.5,1,wm,3
15,1,0,3,1.54197341700274,1.0,1.0,0,wm,3
15,0,0,2,1.85984541300058,1.0,0.5,1,wm,3
15,1,1,3,1.24315782300255,1.0,0.5,1,wm,3
15,1,1,3,1.40107741699831,1.0,0.5,1,wm,3
15,1,1,3,1.0227666239989,1.0,0.5,1,wm,3
15,0,1,2,1.63067541100099,3.0,1.0,0,wm,4
15,1,1,2,1.72041611000168,3.0,0.5,1,wm,4
15,1,1,2,1.23018208099893,3.0,0.5,1,wm,4
15,1,0,3,1.78642004100038,3.0,0.5,0,wm,4
15,0,0,3,1.80940106699927,3.0,1.0,1,wm,4
15,1,1,4,1.28918421900016,3.0,1.0,1,wm,4
15,1,1,3,1.07898770000247,3.0,1.0,1,wm,4
15,0,0,3,1.6281546900027,3.0,0.5,1,wm,4
15,1,1,3,1.05097571499937,3.0,1.0,1,wm,4
15,0,0,3,1.57848260400351,3.0,1.0,1,wm,4
15,1,1,3,1.05963011400308,3.0,0.5,1,wm,4
15,1,0,3,2.52178703499885,3.0,0.5,0,wm,4
15,0,1,3,1.77127336800186,3.0,0.5,0,wm,4
15,1,0,2,1.8946953429986,3.0,0.5,0,wm,4
15,0,0,2,1.34877171900007,3.0,1.0,1,wm,4
15,1,1,3,1.47075295200193,3.0,1.0,1,wm,4
15,1,1,2,1.19352463100222,3.0,0.5,1,wm,4
15,1,1,3,1.26557841900285,3.0,1.0,1,wm,4
15,0,0,2,1.69683051700122,3.0,0.5,1,wm,4
15,0,0,3,1.75752793299762,3.0,1.0,1,wm,4
15,0,1,3,1.64171378500032,3.0,1.0,0,wm,4
15,1,1,2,1.16893418499967,3.0,0.5,1,wm,4
15,1,1,3,9.6109571119996,3.0,0.5,1,wm,4
15,1,1,3,1.28144029299801,3.0,1.0,1,wm,4
15,0,1,2,1.63822370600246,3.0,0.5,0,wm,4
15,1,1,3,1.59594843300147,3.0,1.0,1,wm,4
15,0,1,2,1.45799975699993,3.0,0.5,0,wm,4
15,0,0,2,1.20637686400005,3.0,1.0,1,wm,4
15,1,0,3,1.54758362900247,3.0,0.5,0,wm,4
15,1,1,3,1.15112430900263,3.0,1.0,1,wm,4
15,0,0,2,1.65770460500062,3.0,1.0,1,wm,4
15,1,1,3,1.77449241600334,3.0,0.5,1,wm,4
15,1,1,2,1.11920229000316,3.0,1.0,1,wm,4
15,1,0,2,1.99564395200287,3.0,0.5,0,wm,4
15,1,0,3,1.3927168390037,3.0,0.5,0,wm,4
15,1,1,3,1.14110228600111,3.0,1.0,1,wm,4
15,1,0,2,1.60346809000112,3.0,1.0,0,wm,4
15,0,1,3,2.55622328400204,3.0,1.0,0,wm,4
15,1,0,3,1.57792976900237,3.0,0.5,0,wm,4
15,0,1,2,1.84102436000103,3.0,0.5,0,wm,4
15,1,1,2,1.48154402300133,3.0,0.5,1,wm,4
15,1,1,3,1.09525576500164,3.0,0.5,1,wm,4
15,1,1,3,1.96765156400215,3.0,0.5,1,wm,4
15,1,1,2,2.37488856900018,3.0,1.0,1,wm,4
15,0,0,2,2.59163531400191,3.0,1.0,1,wm,4
15,0,0,3,1.94743363900125,3.0,1.0,1,wm,4
15,1,1,2,1.44778151900027,3.0,1.0,1,wm,4
15,0,0,3,2.01249923500291,3.0,0.5,1,wm,4
15,1,1,3,1.79759040300269,3.0,1.0,1,wm,4
15,1,1,3,1.52735143600148,3.0,0.5,1,wm,4
15,1,0,4,1.90305288899981,3.0,0.5,0,wm,4
15,0,1,3,1.63708384400161,3.0,0.5,0,wm,4
15,0,0,3,1.54713386300136,3.0,0.5,1,wm,4
15,0,0,2,3.11371981700358,3.0,1.0,1,wm,4
15,0,0,3,1.60997814400253,3.0,0.5,1,wm,4
15,0,0,3,1.40056087300036,3.0,1.0,1,wm,4
15,0,0,3,0.897295585000393,3.0,1.0,1,wm,4
15,1,1,4,1.64663013700192,3.0,1.0,1,wm,4
15,0,1,1,12.5615644930003,3.0,1.0,0,wm,4
15,1,1,2,1.7264119590036,3.0,1.0,1,wm,4
