Subj_idx,Stimulus,Response,Confidence,RT_dec,Error,Condition,Task,Block
1,178,65.6875,1,3.03066566300095,-67.6875,0.5,wm,3
1,126,126.78125,4,1.82955108599981,-0.781250000000007,0.5,wm,3
1,72,229.046875,4,2.29167542899995,22.953125,0.5,wm,3
1,31,44.9921875,3,2.24446433200046,-13.9921875,0.5,wm,3
1,58,49.7890625,4,2.66979331699986,8.21093750000001,0.5,wm,3
1,31,30.3671875,4,2.04530955700102,0.6328125,1.0,wm,3
1,9,20.453125,3,1.54679243400005,-11.453125,0.5,wm,3
1,165,346.6796875,4,2.92219473800014,-1.67968750000001,0.5,wm,3
1,12,16.765625,4,3.03453250000075,-4.765625,1.0,wm,3
1,146,336.75,4,1.66537617500035,-10.75,0.5,wm,3
1,90,337.125,3,2.0084265860005,-67.125,1.0,wm,3
1,87,242.6015625,4,2.65560932900007,24.3984375,0.5,wm,3
1,57,48.6171875,4,3.22154014900025,8.3828125,1.0,wm,3
1,97,102.9765625,4,1.85756782299995,-5.97656250000001,0.5,wm,3
1,51,51.7265625,4,2.17298841299998,-0.726562500000004,0.5,wm,3
1,85,76.3515625,4,1.7258224670004,8.6484375,0.5,wm,3
1,168,109.984375,4,1.95753595600036,58.015625,1.0,wm,3
1,141,113.4765625,3,1.32803431700086,27.5234375,0.5,wm,3
1,43,40.6328125,4,2.70960366500003,2.3671875,1.0,wm,3
1,13,207.7578125,4,2.15520665799977,-14.7578125,1.0,wm,3
1,130,110.84375,2,1.84941472300034,19.15625,0.5,wm,3
1,22,35.03125,2,2.51789797899983,-13.03125,0.5,wm,3
1,61,47.5703125,3,2.15276899300079,13.4296875,1.0,wm,3
1,10,26.4375,3,1.92441439600043,-16.4375,1.0,wm,3
1,14,196.453125,3,2.18848786900071,-2.453125,1.0,wm,3
1,1,184.828125,4,3.27565802100071,-3.82812499999998,0.5,wm,3
1,119,115.984375,4,2.26119481900059,3.01562499999999,1.0,wm,3
1,60,57.6875,4,2.44154881000031,2.31249999999999,0.5,wm,3
1,41,220.75,4,1.82259476800027,0.250000000000008,0.5,wm,3
1,30,29.90625,4,1.53895953099982,0.0937499999999933,0.5,wm,3
1,129,128.6953125,4,2.12180085800082,0.304687499999982,1.0,wm,3
1,131,127.5234375,2,2.73319042900039,3.4765625,1.0,wm,3
1,38,196.6171875,3,3.18261449300007,21.3828125,0.5,wm,3
1,137,121.671875,4,2.14622398499978,15.328125,0.5,wm,3
1,161,131.953125,4,2.04081674000008,29.046875,0.5,wm,3
1,66,54.8125,4,2.18347830000039,11.1875,1.0,wm,3
1,84,98.0703125,2,2.30125260300065,-14.0703125,0.5,wm,3
1,54,50.84375,3,2.71030811600031,3.15625000000001,1.0,wm,3
1,63,244.9140625,4,3.64330741700087,-1.91406249999999,0.5,wm,3
1,15,196.8125,4,2.57328329699976,-1.81249999999997,1.0,wm,3
1,156,166.3359375,4,2.86113742399993,-10.3359375,1.0,wm,3
1,80,238.75,4,1.81683587300085,21.25,0.5,wm,3
1,125,343.7421875,4,2.56068401199991,-38.7421875,1.0,wm,3
1,162,330.53125,4,1.51675946500018,11.46875,0.5,wm,3
1,1,163.5234375,4,2.6168765020002,17.4765625,1.0,wm,3
1,81,322.3671875,2,1.86755967499994,-61.3671875,0.5,wm,3
1,34,50.75,2,1.41457309900034,-16.75,0.5,wm,3
1,47,55.9375,3,1.9618996220006,-8.9375,1.0,wm,3
1,26,209.640625,3,1.34689955400063,-3.64062499999998,0.5,wm,3
1,32,211.96875,2,2.01347607800017,0.0312500000000222,1.0,wm,3
1,52,227.015625,2,1.70535729900075,4.98437500000001,1.0,wm,3
1,61,186.9453125,1,1.53735109100035,54.0546875,0.5,wm,3
1,27,67.7734375,3,2.30049242500081,-40.7734375,1.0,wm,3
1,45,235.2578125,3,2.19779506500072,-10.2578125,1.0,wm,3
1,62,39.5390625,3,2.1365561700004,22.4609375,1.0,wm,3
1,45,235.4609375,3,2.18491570100014,-10.4609375,1.0,wm,3
1,29,203.1953125,3,2.08192783700088,5.80468750000001,1.0,wm,3
1,4,15.421875,2,3.04424328500045,-11.421875,1.0,wm,3
1,145,347.875,4,2.09641026600002,-22.875,1.0,wm,3
1,23,209.9375,4,2.21980004899979,-6.93749999999999,1.0,wm,3
2,122,123.2734375,3,1.89082157700022,-1.27343750000002,0.5,wm,3
2,18,26.1171875,3,3.64587911699982,-8.1171875,0.5,wm,3
2,168,159.5546875,2,2.32419713900026,8.44531250000001,0.5,wm,3
2,125,296.0,3,1.39518434600041,9.00000000000001,1.0,wm,3
2,14,32.4140625,3,2.01003232600033,-18.4140625,0.5,wm,3
2,93,94.796875,4,2.99658354600024,-1.796875,1.0,wm,3
2,124,318.0234375,3,5.25719774799973,-14.0234375,1.0,wm,3
2,120,307.7890625,3,2.39475308200008,-7.78906250000003,1.0,wm,3
2,108,292.453125,2,1.15201723000018,-4.45312499999998,0.5,wm,3
2,164,154.9609375,3,3.39411253100025,9.03906249999999,1.0,wm,3
2,2,303.921875,1,0.671250266000243,58.078125,0.5,wm,3
2,2,186.171875,2,2.62205261700001,-4.17187500000002,0.5,wm,3
2,33,352.0,1,0.826631080000425,41.0,1.0,wm,3
2,8,189.359375,3,2.32208065099985,-1.35937500000001,1.0,wm,3
2,109,111.015625,3,1.54601331200001,-2.015625,1.0,wm,3
2,113,122.765625,2,3.20270068100035,-9.76562499999999,0.5,wm,3
2,98,117.953125,2,4.40030844600005,-19.953125,1.0,wm,3
2,10,173.984375,3,3.79610896900022,16.015625,0.5,wm,3
2,61,224.6484375,3,1.91800975900014,16.3515625,0.5,wm,3
2,54,236.6484375,2,2.48467833199993,-2.64843750000001,0.5,wm,3
2,86,354.0,1,0.910657127999912,-87.9999999999999,1.0,wm,3
2,69,62.6171875,3,1.83334219400012,6.3828125,0.5,wm,3
2,44,226.0546875,4,2.39485897400027,-2.05468749999999,1.0,wm,3
2,24,37.8046875,3,2.36484812200024,-13.8046875,0.5,wm,3
2,89,253.328125,2,2.87371789999997,15.671875,0.5,wm,3
2,13,193.7265625,2,2.94235886500019,-0.726562499999979,0.5,wm,3
2,79,264.0,2,2.58937614300021,-5.0,0.5,wm,3
2,33,30.9296875,3,3.1626639050005,2.0703125,1.0,wm,3
2,66,242.765625,3,2.10015024600034,3.23437500000002,1.0,wm,3
2,155,164.0,3,3.07051550200003,-9.0,0.5,wm,3
2,56,64.0,3,2.40136667800016,-8.0,0.5,wm,3
2,49,31.984375,3,2.79766218300028,17.015625,1.0,wm,3
2,87,42.84375,2,10.8286237010002,44.15625,1.0,wm,3
2,55,51.1640625,3,3.05618610500005,3.8359375,1.0,wm,3
2,88,282.0546875,2,2.27139215300031,-14.0546875,1.0,wm,3
2,28,202.9453125,2,4.60959311099987,5.05468749999999,0.5,wm,3
2,40,31.2734375,3,2.41234938400021,8.7265625,0.5,wm,3
2,166,350.0,2,1.81808705399999,-3.99999999999999,1.0,wm,3
2,169,166.6171875,2,2.59349377199987,2.38281249999999,0.5,wm,3
2,64,59.09375,3,2.02947985300034,4.90625,1.0,wm,3
2,101,94.0390625,2,2.74151385200048,6.9609375,1.0,wm,3
2,74,81.1796875,3,3.37456954199979,-7.17968749999999,0.5,wm,3
2,130,27.921875,1,1.13818154099999,-77.921875,0.5,wm,3
2,51,45.7265625,3,1.46704250100038,5.2734375,0.5,wm,3
2,46,216.15625,3,1.89265135400046,9.84375,1.0,wm,3
2,159,330.5625,3,3.47015881000016,8.43750000000002,0.5,wm,3
2,32,227.7890625,3,1.57463187700023,-15.7890625,1.0,wm,3
2,172,349.1953125,2,3.5619309409999,2.80468749999999,0.5,wm,3
2,61,232.0546875,3,3.25357098399991,8.94531250000001,1.0,wm,3
2,20,28.9296875,2,1.83517476100042,-8.9296875,1.0,wm,3
2,20,211.921875,2,1.90796966100015,-11.921875,1.0,wm,3
2,29,205.34375,2,2.13190288500027,3.65625,0.5,wm,3
2,3,19.046875,2,2.58258007299992,-16.046875,0.5,wm,3
2,117,300.0,1,0.604280247000133,-2.99999999999995,0.5,wm,3
2,80,67.8515625,3,3.85975456000006,12.1484375,1.0,wm,3
2,68,260.1015625,3,2.4422591739999,-12.1015625,1.0,wm,3
2,132,320.9140625,2,2.9042354510002,-8.91406250000004,0.5,wm,3
2,44,227.5703125,2,1.9530873030003,-3.57031249999998,1.0,wm,3
2,103,289.4765625,2,2.36558201900016,-6.47656249999998,0.5,wm,3
2,82,282.6484375,2,2.63316131300053,-20.6484375,1.0,wm,3
3,166,134.7109375,2,3.80672515899641,31.2890625,1.0,wm,3
3,4,219.875,2,1.92548688099487,-35.875,0.5,wm,3
3,23,127.40625,2,3.83937877102289,75.59375,0.5,wm,3
3,173,6.265625,2,2.88309979101177,-13.265625,1.0,wm,3
3,104,309.5546875,2,3.29924586403649,-25.5546875,0.5,wm,3
3,108,150.1171875,2,2.49557693401584,-42.1171875,0.5,wm,3
3,72,245.140625,2,2.78710983903147,6.85937499999999,1.0,wm,3
3,37,37.5390625,2,3.64098393300083,-0.539062499999998,1.0,wm,3
3,59,40.546875,2,2.8680686680018,18.453125,1.0,wm,3
3,131,136.203125,2,3.29737893101992,-5.203125,1.0,wm,3
3,57,241.2265625,3,1.70046043401817,-4.22656249999998,1.0,wm,3
3,86,92.6328125,3,2.93272579903714,-6.6328125,1.0,wm,3
3,7,16.0859375,2,1.69446331099607,-9.0859375,0.5,wm,3
3,10,190.3203125,2,2.07349725003587,-0.320312500000008,0.5,wm,3
3,25,32.6171875,3,2.83907535200706,-7.61718749999999,0.5,wm,3
3,55,36.1875,3,2.73544736299664,18.8125,1.0,wm,3
3,155,199.09375,3,2.63529368600575,-44.09375,1.0,wm,3
3,179,164.0859375,3,3.8702039369964,14.9140625,1.0,wm,3
3,127,138.0,3,1.05957249499625,-11.0,1.0,wm,3
3,180,166.0,3,1.30801539501408,14.0,0.5,wm,3
3,70,303.609375,3,3.0422334310133,-53.609375,0.5,wm,3
3,44,64.0,3,1.28357475198573,-20.0,0.5,wm,3
3,69,245.890625,3,1.81002238800284,3.10937499999998,1.0,wm,3
3,103,109.375,3,1.84822525805794,-6.375,1.0,wm,3
3,16,246.5,3,2.10819818504388,-50.5,0.5,wm,3
3,30,246.0,3,1.32561855501262,-36.0,1.0,wm,3
3,17,75.8203125,1,2.64357809396461,-58.8203125,1.0,wm,3
3,5,30.21875,3,1.67288864799775,-25.21875,0.5,wm,3
3,68,233.625,3,4.19354033097625,14.375,0.5,wm,3
3,71,48.453125,3,1.73055561899673,22.546875,1.0,wm,3
3,141,328.515625,3,1.91137922601774,-7.51562499999998,1.0,wm,3
3,138,332.0390625,2,1.52602228801697,-14.0390625,0.5,wm,3
3,82,93.015625,3,2.55137216404546,-11.015625,1.0,wm,3
3,94,279.7734375,3,2.37733061000472,-5.77343749999995,1.0,wm,3
3,63,123.7578125,2,2.39002589904703,-60.7578125,1.0,wm,3
3,16,306.7109375,3,2.01356530399062,69.2890625,0.5,wm,3
3,158,290.3359375,2,1.95163398497971,47.6640625,0.5,wm,3
3,21,207.703125,3,1.9900417830213,-6.70312500000001,1.0,wm,3
3,80,206.0,3,1.78981950698653,54.0,0.5,wm,3
3,42,28.453125,3,2.33642343099928,13.546875,1.0,wm,3
3,116,283.1953125,3,2.15199250902515,12.8046875000001,1.0,wm,3
3,130,51.703125,3,1.6101800739998,78.296875,1.0,wm,3
3,163,338.515625,3,2.06470560102025,4.48437500000004,1.0,wm,3
3,83,274.3203125,2,1.8740998369758,-11.3203125,1.0,wm,3
3,37,197.4453125,3,1.95731798297493,19.5546875,0.5,wm,3
3,3,29.875,2,1.68235744303092,-26.875,1.0,wm,3
3,31,34.9765625,3,1.90724889101693,-3.97656250000001,1.0,wm,3
3,95,279.703125,3,2.02635600004578,-4.703125,1.0,wm,3
3,169,45.875,3,1.90835807000985,-56.875,0.5,wm,3
3,9,17.421875,3,2.13745929900324,-8.421875,0.5,wm,3
3,31,14.3203125,3,1.70102518203203,16.6796875,0.5,wm,3
3,49,27.40625,3,1.38391670497367,21.59375,1.0,wm,3
3,41,38.6328125,3,1.17382570903283,2.3671875,1.0,wm,3
3,20,205.140625,3,1.6447426250088,-5.140625,0.5,wm,3
3,29,44.0234375,2,1.34689780196641,-15.0234375,0.5,wm,3
3,92,91.921875,3,2.06875233998289,0.0781249999999981,0.5,wm,3
3,144,132.0,3,1.25556646904442,12.0,1.0,wm,3
3,129,126.1015625,3,1.74152210500324,2.89843749999999,1.0,wm,3
3,2,230.0,3,1.33149849297479,-48.0,0.5,wm,3
3,1,323.703125,3,2.07271697401302,37.296875,0.5,wm,3
5,7,213.8046875,3,2.29012937699918,-26.8046875,1.0,wm,3
5,28,34.3359375,3,2.81771749899963,-6.33593749999999,1.0,wm,3
5,177,308.5859375,2,3.9893567550007,48.4140625,0.5,wm,3
5,161,126.6484375,3,1.32725121499971,34.3515625,1.0,wm,3
5,53,241.390625,4,1.88054196100165,-8.39062499999999,1.0,wm,3
5,125,130.25,3,2.11176059399986,-5.25,1.0,wm,3
5,38,246.1015625,3,2.4345834300002,-28.1015625,1.0,wm,3
5,99,107.421875,3,2.57658897300098,-8.42187500000001,0.5,wm,3
5,158,146.3671875,3,5.52247412699944,11.6328125,1.0,wm,3
5,165,359.8203125,1,3.38449159899938,-14.8203125,0.5,wm,3
5,135,306.8671875,2,1.8797842590011,8.13281250000004,1.0,wm,3
5,41,48.3984375,4,3.46289890099979,-7.3984375,1.0,wm,3
5,148,314.546875,4,2.11717852100082,13.453125,0.5,wm,3
5,126,127.4609375,4,2.00662528300018,-1.46093749999999,1.0,wm,3
5,157,121.1953125,4,5.7061642259996,35.8046875,1.0,wm,3
5,15,88.546875,2,3.02986661999967,-73.546875,0.5,wm,3
5,109,126.1171875,2,2.06531340700167,-17.1171875,0.5,wm,3
5,57,36.9609375,3,2.40488585999992,20.0390625,0.5,wm,3
5,50,27.390625,4,1.28017943300074,22.609375,1.0,wm,3
5,50,41.671875,4,4.12207744800071,8.328125,0.5,wm,3
5,10,11.65625,3,2.66227001699917,-1.65625,0.5,wm,3
5,12,12.546875,3,5.66798581100011,-0.546875,0.5,wm,3
5,17,29.296875,3,1.59312858000158,-12.296875,1.0,wm,3
5,115,304.3828125,3,3.60035197999969,-9.3828125,1.0,wm,3
5,178,2.5,3,1.75867543300046,-4.5,1.0,wm,3
5,27,3.7421875,2,4.77723173000049,23.2578125,1.0,wm,3
5,48,305.2578125,1,4.09661708300155,-77.2578125,1.0,wm,3
5,104,107.09375,4,4.37776635400223,-3.09374999999999,1.0,wm,3
5,85,101.296875,4,2.17718379300095,-16.296875,1.0,wm,3
5,81,102.1328125,3,2.00403108500177,-21.1328125,0.5,wm,3
5,2,89.984375,2,2.12547812000048,-87.984375,0.5,wm,3
5,167,130.28125,1,4.05208177699933,36.71875,0.5,wm,3
5,3,173.625,1,2.58916030799992,9.375,1.0,wm,3
5,40,28.9765625,2,4.83781584499957,11.0234375,0.5,wm,3
5,179,221.015625,2,1.96816086900071,-42.015625,0.5,wm,3
5,144,132.796875,3,2.11126415199942,11.203125,0.5,wm,3
5,18,215.625,2,1.92138885700115,-17.625,0.5,wm,3
5,15,192.9609375,1,2.01794432099996,2.0390625,0.5,wm,3
5,6,21.078125,2,2.72694253100053,-15.078125,0.5,wm,3
5,52,74.6015625,3,1.65874162600085,-22.6015625,0.5,wm,3
5,67,234.7109375,3,1.5369050320005,12.2890625,0.5,wm,3
5,164,78.28125,2,1.44513340400044,85.71875,1.0,wm,3
5,16,316.9453125,2,2.27544713200041,59.0546875,0.5,wm,3
5,5,312.84375,1,72.1251565940001,52.15625,0.5,wm,3
5,55,33.96875,2,3.11692220700024,21.03125,0.5,wm,3
5,95,224.5859375,3,2.20607704500071,50.4140625,1.0,wm,3
5,4,41.5390625,3,1.32938638499945,-37.5390625,0.5,wm,3
5,98,310.15625,3,3.30784013000084,-32.15625,0.5,wm,3
5,25,19.8359375,4,1.35598152400053,5.1640625,0.5,wm,3
5,49,233.03125,3,1.06562537400168,-4.03125,1.0,wm,3
5,73,46.25,3,3.62719777900202,26.75,0.5,wm,3
5,96,218.3828125,2,6.12391480400038,57.6171875,0.5,wm,3
5,120,135.046875,4,1.29440179700032,-15.046875,1.0,wm,3
5,107,117.125,3,1.89345130500078,-10.125,0.5,wm,3
5,21,27.625,3,4.36214386400025,-6.625,0.5,wm,3
5,59,47.625,4,1.65983609999967,11.375,0.5,wm,3
5,47,189.5546875,4,1.55468751700209,37.4453125,0.5,wm,3
5,76,34.8125,4,1.84577276600066,41.1875,0.5,wm,3
5,25,58.28125,3,1.72694745300032,-33.28125,1.0,wm,3
5,20,11.9375,4,1.70016129300166,8.0625,1.0,wm,3
7,27,25.3125,4,1.80393706100585,1.6875,1.0,wm,3
7,20,219.2265625,4,2.32399043100304,-19.2265625,1.0,wm,3
7,96,281.671875,4,1.89616016100626,-5.67187500000002,0.5,wm,3
7,13,48.3046875,4,2.21976793900103,-35.3046875,1.0,wm,3
7,170,341.59375,4,1.60255179500382,8.40625000000003,1.0,wm,3
7,48,210.9921875,4,1.57571121200453,17.0078125,1.0,wm,3
7,105,297.015625,4,2.62299910600268,-12.015625,0.5,wm,3
7,44,237.7421875,4,6.98171425600594,-13.7421875,0.5,wm,3
7,85,270.484375,4,2.04168769300304,-5.48437499999997,0.5,wm,3
7,146,322.6171875,4,4.10570921900216,3.38281250000005,1.0,wm,3
7,112,151.2109375,4,2.03148248200159,-39.2109375,0.5,wm,3
7,83,267.5078125,4,2.42282149699895,-4.50781249999998,0.5,wm,3
7,9,5.390625,4,1.95286280000437,3.609375,0.5,wm,3
7,147,157.875,4,3.42020918599883,-10.875,1.0,wm,3
7,42,33.640625,4,1.63461089100019,8.359375,1.0,wm,3
7,62,74.6640625,4,2.44964400699973,-12.6640625,1.0,wm,3
7,11,170.8984375,4,2.82335835500271,20.1015625,1.0,wm,3
7,167,309.7421875,4,1.78742999100359,37.2578125,0.5,wm,3
7,14,200.796875,4,5.56747688799805,-6.796875,1.0,wm,3
7,39,28.859375,2,2.11248663300648,10.140625,0.5,wm,3
7,173,1.7734375,4,1.80267377500422,-8.77343750000001,0.5,wm,3
7,61,219.609375,4,1.2817217740012,21.390625,1.0,wm,3
7,19,243.8359375,4,1.18705165800202,-44.8359375,0.5,wm,3
7,148,144.171875,4,0.852826068003196,3.82812500000001,1.0,wm,3
7,17,23.953125,4,2.06659770700207,-6.953125,0.5,wm,3
7,46,252.0,3,0.783199105004314,-26.0,1.0,wm,3
7,68,247.03125,4,2.54302583700337,0.968750000000012,1.0,wm,3
7,175,348.0703125,2,1.75141512400296,6.92968750000004,0.5,wm,3
7,12,13.875,4,1.59918431300321,-1.875,1.0,wm,3
7,33,224.0859375,4,1.37986376000481,-11.0859375,0.5,wm,3
7,19,34.1875,4,1.57110930800263,-15.1875,0.5,wm,3
7,37,198.828125,4,1.46662916400237,18.171875,0.5,wm,3
7,104,289.4609375,4,1.11037463999673,-5.46093749999999,0.5,wm,3
7,121,289.2109375,4,2.36132626100152,11.7890625,0.5,wm,3
7,138,152.0234375,4,1.48956158600777,-14.0234375,0.5,wm,3
7,158,156.3359375,4,1.03662090899888,1.66406249999999,0.5,wm,3
7,32,232.15625,4,1.68445521000831,-20.15625,0.5,wm,3
7,172,0.6796875,4,1.89637202800077,-8.67968749999999,0.5,wm,3
7,28,45.953125,4,3.29576691800321,-17.953125,1.0,wm,3
7,34,43.8359375,4,1.53775941499771,-9.8359375,0.5,wm,3
7,41,206.8671875,4,1.54244503000518,14.1328125,1.0,wm,3
7,117,122.453125,4,1.49466972800292,-5.45312500000001,1.0,wm,3
7,16,6.171875,4,1.72661615299876,9.828125,0.5,wm,3
7,156,150.0234375,3,2.95385792400339,5.97656249999999,1.0,wm,3
7,122,122.3359375,4,1.20838949400058,-0.335937500000013,1.0,wm,3
7,66,54.171875,4,1.22480632400402,11.828125,0.5,wm,3
7,166,146.6640625,4,0.958999055001186,19.3359375,1.0,wm,3
7,108,99.7890625,4,1.9453611889985,8.2109375,1.0,wm,3
7,64,240.9609375,4,2.42913800300448,3.03906249999999,1.0,wm,3
7,128,302.265625,4,2.15859166099835,5.73437499999995,1.0,wm,3
7,31,59.40625,4,2.76654944200709,-28.40625,0.5,wm,3
7,32,44.75,4,1.98521162100224,-12.75,0.5,wm,3
7,47,226.796875,4,1.29295760799869,0.20312499999999,1.0,wm,3
7,164,159.375,4,2.2230170010007,4.62499999999999,0.5,wm,3
7,36,204.828125,4,2.40831836800498,11.171875,1.0,wm,3
7,57,57.1953125,4,1.83970563100593,-0.195312499999997,1.0,wm,3
7,27,237.96875,4,2.59224428300513,-30.96875,0.5,wm,3
7,51,48.9296875,4,1.24972444300511,2.07031249999999,1.0,wm,3
7,59,62.0,3,0.734809696004959,-2.99999999999999,0.5,wm,3
7,165,149.96875,4,1.76535238800716,15.03125,1.0,wm,3
8,15,206.4140625,3,4.9916237500147,-11.4140625,0.5,wm,3
8,31,17.34375,3,1.59184961300343,13.65625,1.0,wm,3
8,119,125.8359375,3,1.83533322400763,-6.83593750000001,0.5,wm,3
8,142,120.5859375,3,1.93534573500801,21.4140625,1.0,wm,3
8,96,103.078125,3,2.48776050300512,-7.078125,0.5,wm,3
8,74,54.0,3,1.40619172599691,20.0,0.5,wm,3
8,16,196.9609375,3,1.73016714199912,-0.960937500000004,1.0,wm,3
8,162,342.0,4,1.03229271501186,1.51244362761947e-14,1.0,wm,3
8,32,34.0,4,1.0148175409995,-2.00000000000001,0.5,wm,3
8,40,31.59375,4,1.51022476499202,8.40625,0.5,wm,3
8,176,165.6875,4,1.72168702199997,10.3125,0.5,wm,3
8,50,219.4609375,4,1.68922597200435,10.5390625,1.0,wm,3
8,111,287.359375,3,2.5605324240023,3.64062499999998,1.0,wm,3
8,21,36.6640625,3,2.80903451700578,-15.6640625,0.5,wm,3
8,105,300.0,3,1.08347056999628,-14.9999999999999,1.0,wm,3
8,63,234.6015625,4,1.73088980000466,8.39843749999999,1.0,wm,3
8,55,124.0,1,0.515854047000175,-69.0,1.0,wm,3
8,10,21.2109375,4,1.73090950600454,-11.2109375,0.5,wm,3
8,5,13.5703125,3,1.30126786201436,-8.5703125,1.0,wm,3
8,35,68.21875,3,1.95113847700122,-33.21875,0.5,wm,3
8,101,125.296875,3,1.15957113400509,-24.296875,0.5,wm,3
8,35,43.5546875,3,1.80182255600812,-8.5546875,1.0,wm,3
8,175,150.3203125,4,2.12650422299339,24.6796875,0.5,wm,3
8,12,21.40625,4,1.74468812000123,-9.40625,0.5,wm,3
8,11,205.1796875,1,1.81686646700837,-14.1796875,1.0,wm,3
8,16,198.75,4,1.78957929799799,-2.74999999999999,0.5,wm,3
8,48,64.0,3,0.992815649005934,-16.0,1.0,wm,3
8,120,128.0,2,0.910018664013478,-8.00000000000001,0.5,wm,3
8,29,228.3828125,4,1.49008842199692,-19.3828125,1.0,wm,3
8,102,297.96875,2,1.99094595899805,-15.96875,1.0,wm,3
8,158,90.0,1,1.73548237100476,68.0,1.0,wm,3
8,11,207.4609375,4,2.11167943599867,-16.4609375,1.0,wm,3
8,83,67.625,3,2.83828723600891,15.375,1.0,wm,3
8,92,303.359375,2,1.48215888800041,-31.359375,0.5,wm,3
8,159,328.0703125,4,1.65573164900707,10.9296875,1.0,wm,3
8,2,354.9453125,4,1.44209785500425,7.05468750000003,1.0,wm,3
8,59,234.9296875,3,1.99761257100909,4.07031250000003,1.0,wm,3
8,178,168.21875,3,2.23826663701038,9.78124999999998,0.5,wm,3
8,64,230.859375,4,2.50328592500591,13.140625,1.0,wm,3
8,156,137.8203125,4,1.68355432599492,18.1796875,1.0,wm,3
8,161,332.6171875,4,2.64579996700922,8.38281249999997,1.0,wm,3
8,18,29.875,4,1.87342391100537,-11.875,1.0,wm,3
8,149,327.046875,3,1.65724077299819,1.95312499999996,1.0,wm,3
8,62,242.828125,4,1.23109118700086,-0.82812499999999,1.0,wm,3
8,47,54.3359375,1,1.24654846701014,-7.3359375,0.5,wm,3
8,172,171.125,1,1.456373574998,0.875000000000021,1.0,wm,3
8,143,169.1640625,4,2.13253875001101,-26.1640625,0.5,wm,3
8,113,101.2578125,4,1.15645290499378,11.7421875,0.5,wm,3
8,49,74.6328125,4,1.3566717190115,-25.6328125,1.0,wm,3
8,95,106.8984375,3,1.65973392000888,-11.8984375,1.0,wm,3
8,144,343.9375,3,1.69478529100888,-19.9375,0.5,wm,3
8,15,202.203125,3,1.6527582740091,-7.203125,1.0,wm,3
8,168,348.6015625,3,1.86906914300926,-0.601562499999982,0.5,wm,3
8,80,10.9765625,1,0.493635068996809,69.0234375,0.5,wm,3
8,88,257.8203125,4,2.0616317110107,10.1796875,1.0,wm,3
8,125,136.765625,4,1.44126821501413,-11.765625,0.5,wm,3
8,21,202.1015625,4,1.84820506800315,-1.10156249999999,0.5,wm,3
8,58,249.96875,3,1.79025418500532,-11.96875,0.5,wm,3
8,154,143.09375,3,1.7606537410029,10.90625,0.5,wm,3
8,18,210.0859375,4,1.40599144699809,-12.0859375,0.5,wm,3
9,27,236.6640625,1,1.72024588600016,-29.6640625,0.5,wm,3
9,163,120.5625,1,1.47451035599988,42.4375,0.5,wm,3
9,100,111.4609375,3,1.70496454100021,-11.4609375,1.0,wm,3
9,28,314.546875,2,1.45111683300001,73.453125,0.5,wm,3
9,6,335.4921875,1,2.77111709700011,30.5078125,0.5,wm,3
9,94,101.109375,3,1.87318453700027,-7.109375,0.5,wm,3
9,172,106.0703125,2,1.95825130200001,65.9296875,0.5,wm,3
9,147,131.328125,3,1.25594432900016,15.671875,1.0,wm,3
9,4,26.6953125,2,1.70600241300008,-22.6953125,0.5,wm,3
9,38,187.7734375,2,2.04008914500037,30.2265625,0.5,wm,3
9,37,194.8125,3,2.07376276200011,22.1875,0.5,wm,3
9,127,11.65625,2,1.74842388200022,-64.65625,1.0,wm,3
9,62,254.8125,2,1.85005286900014,-12.8125,0.5,wm,3
9,119,90.9609375,2,1.96277480500021,28.0390625,0.5,wm,3
9,120,299.40625,2,2.18156400000044,0.59374999999997,1.0,wm,3
9,67,273.40625,2,3.13055584700032,-26.40625,1.0,wm,3
9,17,204.3359375,3,1.261125902,-7.33593749999997,1.0,wm,3
9,29,212.3515625,3,2.07737296400001,-3.35156250000001,0.5,wm,3
9,13,123.09375,2,2.0902557710001,69.90625,1.0,wm,3
9,114,120.8984375,2,2.37853677900011,-6.89843749999999,1.0,wm,3
9,134,126.171875,1,1.91226986699985,7.82812500000001,0.5,wm,3
9,14,64.1015625,1,1.90937822800015,-50.1015625,1.0,wm,3
9,132,314.6640625,1,2.10563524200006,-2.66406249999997,1.0,wm,3
9,18,239.3125,1,1.31772646199988,-41.3125,1.0,wm,3
9,122,321.046875,2,1.88120834200026,-19.046875,0.5,wm,3
9,46,44.0,2,1.33981175899999,2.00000000000001,0.5,wm,3
9,148,111.8203125,2,1.309121452,36.1796875,1.0,wm,3
9,2,115.015625,2,1.51704828400034,66.984375,1.0,wm,3
9,79,62.0,2,1.3674893389998,17.0,1.0,wm,3
9,138,325.34375,2,1.6202854660005,-7.34375000000002,1.0,wm,3
9,58,230.453125,3,2.4417486389998,7.54687499999999,1.0,wm,3
9,39,215.2734375,2,1.42659188700009,3.7265625,1.0,wm,3
9,90,233.046875,2,1.48978503699982,36.953125,1.0,wm,3
9,51,227.34375,2,1.39167704800047,3.65624999999999,0.5,wm,3
9,125,122.515625,2,1.32974220200003,2.48437500000002,1.0,wm,3
9,145,165.90625,1,1.41700612400018,-20.90625,0.5,wm,3
9,115,144.0,2,1.30147335600032,-29.0,1.0,wm,3
9,48,202.9765625,2,1.64677582500053,25.0234375,0.5,wm,3
9,142,316.0390625,2,1.26953066100032,5.96093750000003,0.5,wm,3
9,70,79.4453125,2,2.95215532800012,-9.4453125,0.5,wm,3
9,32,132.828125,2,1.40938737100032,79.171875,1.0,wm,3
9,64,55.359375,1,1.86298898600035,8.640625,1.0,wm,3
9,128,61.6875,2,1.41199170400023,66.3125,0.5,wm,3
9,22,246.4140625,2,1.44532523699991,-44.4140625,0.5,wm,3
9,106,304.46875,2,1.3326166400002,-18.46875,1.0,wm,3
9,42,32.84375,2,1.51789733900023,9.15625,1.0,wm,3
9,55,51.1953125,2,1.95323067800018,3.8046875,1.0,wm,3
9,74,261.5703125,2,1.57889581200016,-7.5703125,0.5,wm,3
9,137,305.7265625,2,1.54033379400016,11.2734375,0.5,wm,3
9,34,110.5859375,2,2.16146604500045,-76.5859375,0.5,wm,3
9,144,346.6328125,3,1.99112383500005,-22.6328125,1.0,wm,3
9,61,28.0,3,1.38834884800008,33.0,0.5,wm,3
9,108,265.421875,3,1.47914450200005,22.578125,1.0,wm,3
9,54,36.9921875,2,1.18925104300024,17.0078125,1.0,wm,3
9,131,307.7421875,2,1.19490524600042,3.25781250000001,0.5,wm,3
9,41,42.53125,2,1.16462138700081,-1.53125,0.5,wm,3
9,165,295.8046875,1,1.06698946200049,49.1953125,1.0,wm,3
9,135,287.2734375,2,1.26528932200017,27.7265625,1.0,wm,3
9,61,229.890625,3,3.12334077000014,11.109375,0.5,wm,3
9,104,90.7109375,3,3.38465698500022,13.2890625,0.5,wm,3
10,67,237.8203125,4,6.78570655902149,9.1796875,1.0,wm,3
10,117,312.6953125,3,2.13637320901034,-15.6953125,0.5,wm,3
10,48,221.7265625,4,2.93172908900306,6.27343749999998,1.0,wm,3
10,171,323.328125,4,2.7897141299909,27.671875,1.0,wm,3
10,63,215.625,3,1.85186928900657,27.375,0.5,wm,3
10,6,332.3984375,2,4.35367394302739,33.6015625,1.0,wm,3
10,163,151.1640625,3,2.32108647900168,11.8359375,0.5,wm,3
10,33,207.921875,4,1.56517058599275,5.07812500000001,0.5,wm,3
10,160,334.0,4,1.23624786100117,6.00000000000002,1.0,wm,3
10,58,218.4140625,3,4.51076398300938,19.5859375,0.5,wm,3
10,85,41.296875,1,13.6258991470095,43.703125,1.0,wm,3
10,53,38.9140625,4,5.49119367601816,14.0859375,0.5,wm,3
10,176,359.7734375,4,1.77682441001525,-3.77343749999997,1.0,wm,3
10,138,138.734375,3,4.5997378420434,-0.734374999999998,1.0,wm,3
10,42,234.1171875,4,2.14306990604382,-12.1171875,0.5,wm,3
10,109,120.546875,3,2.6783903860487,-11.546875,0.5,wm,3
10,153,330.1015625,3,3.13892454898451,2.89843749999998,1.0,wm,3
10,150,161.359375,2,2.95149794698227,-11.359375,0.5,wm,3
10,93,13.984375,2,1.70409938902594,79.015625,1.0,wm,3
10,30,206.484375,3,1.83685956103727,3.51562500000001,1.0,wm,3
10,29,208.46875,3,1.74344045901671,0.531250000000012,0.5,wm,3
10,64,233.390625,3,2.33935344504425,10.609375,0.5,wm,3
10,156,168.3046875,4,3.24429738800973,-12.3046875,0.5,wm,3
10,142,344.3671875,3,3.01316171704093,-22.3671875,0.5,wm,3
10,39,196.234375,4,2.24517581198597,22.765625,0.5,wm,3
10,146,340.0,1,0.419987740984652,-14.0,0.5,wm,3
10,3,198.1328125,2,3.57713641301962,-15.1328125,1.0,wm,3
10,168,31.7421875,3,3.20916547201341,-43.7421875,0.5,wm,3
10,25,206.25,2,6.2639511480229,-1.24999999999998,1.0,wm,3
10,36,31.7578125,1,4.30218035902362,4.2421875,0.5,wm,3
10,24,29.703125,2,1.64482354203938,-5.703125,1.0,wm,3
10,23,6.21875,2,2.59212605305947,16.78125,0.5,wm,3
10,78,89.8515625,3,4.93266112304991,-11.8515625,1.0,wm,3
10,31,25.8203125,3,3.1362570199999,5.1796875,1.0,wm,3
10,32,200.28125,2,3.61561906896532,11.71875,0.5,wm,3
10,61,260.6953125,1,1.9445553230471,-19.6953125,1.0,wm,3
10,102,124.0,3,1.81866644800175,-22.0,0.5,wm,3
10,58,308.0,1,1.0878489370225,-70.0,0.5,wm,3
10,28,218.0,2,0.702116636966821,-10.0,0.5,wm,3
10,90,174.3671875,2,4.74131742998725,-84.3671875,0.5,wm,3
10,114,72.0,2,2.65210729901446,42.0,1.0,wm,3
10,4,158.21875,2,4.30314248800278,25.78125,1.0,wm,3
10,172,250.0,1,0.768846164050046,-78.0,1.0,wm,3
10,15,42.0,2,4.56686523195822,-27.0,0.5,wm,3
10,56,224.6328125,3,2.19039350602543,11.3671875,0.5,wm,3
10,7,190.8984375,2,2.48080536903581,-3.89843750000001,0.5,wm,3
10,111,350.0,2,2.00072707800427,-59.0,1.0,wm,3
10,41,46.0234375,3,1.86492243403336,-5.0234375,0.5,wm,3
10,35,354.0,2,0.591264863032848,41.0,0.5,wm,3
10,40,196.6484375,1,12.9457533180248,23.3515625,1.0,wm,3
10,56,225.671875,3,3.39102139003808,10.328125,1.0,wm,3
10,84,269.2734375,4,2.04766619799193,-5.27343749999999,1.0,wm,3
10,25,24.3671875,3,2.70021677098703,0.632812500000002,1.0,wm,3
10,136,150.0,3,1.86260408902308,-14.0,0.5,wm,3
10,49,50.0859375,3,1.82665008504409,-1.0859375,1.0,wm,3
10,100,92.25,3,5.23401308298344,7.75,1.0,wm,3
10,51,158.0,1,0.533195596013684,73.0,1.0,wm,3
10,135,168.7109375,2,5.53209817496827,-33.7109375,0.5,wm,3
10,169,338.25,2,3.33695189998252,10.75,0.5,wm,3
10,173,344.6484375,2,2.82345498498762,8.35156250000004,1.0,wm,3
11,42,223.4140625,2,1.54959721700016,-1.4140625,1.0,wm,3
11,13,172.6640625,2,1.22600207300002,20.3359375,0.5,wm,3
11,41,158.8828125,1,1.48247669200009,62.1171875,0.5,wm,3
11,38,45.4609375,1,0.891131727999891,-7.4609375,0.5,wm,3
11,149,143.3125,2,1.44229846500048,5.68749999999999,1.0,wm,3
11,100,87.7734375,2,1.0702428870004,12.2265625,0.5,wm,3
11,117,252.8125,2,0.853818877000322,44.1875,1.0,wm,3
11,167,130.9765625,2,2.25301217200013,36.0234375,1.0,wm,3
11,95,227.8203125,2,1.12852803000033,47.1796875,0.5,wm,3
11,31,198.4296875,1,1.87792497700002,12.5703125,0.5,wm,3
11,77,178.0234375,1,1.21602127100005,78.9765625,0.5,wm,3
11,11,194.203125,1,1.11658222600045,-3.20312499999998,1.0,wm,3
11,30,29.4609375,1,1.46094525700028,0.539062500000001,1.0,wm,3
11,68,276.6484375,2,1.6754380590005,-28.6484375,1.0,wm,3
11,144,333.703125,2,1.19220149900002,-9.70312500000001,1.0,wm,3
11,16,30.3984375,2,1.42218012700005,-14.3984375,1.0,wm,3
11,23,239.390625,2,0.897973157000251,-36.390625,1.0,wm,3
11,67,263.390625,1,1.97447405200001,-16.390625,0.5,wm,3
11,51,46.828125,1,1.38268692700012,4.171875,0.5,wm,3
11,26,233.7265625,1,0.765872450000188,-27.7265625,0.5,wm,3
11,78,241.1640625,2,2.11249347300054,16.8359375,1.0,wm,3
11,161,330.0546875,1,0.914233594000052,10.9453125,0.5,wm,3
11,1,341.5546875,1,1.18414317399993,19.4453125,1.0,wm,3
11,7,12.3203125,1,1.04033393700001,-5.3203125,0.5,wm,3
11,141,337.890625,1,1.91178175899995,-16.890625,0.5,wm,3
11,63,259.9375,1,2.38587333700025,-16.9375,0.5,wm,3
11,120,176.515625,1,1.52239565500031,-56.515625,1.0,wm,3
11,85,99.40625,2,1.29457194199995,-14.40625,1.0,wm,3
11,17,183.609375,2,1.22542778700017,13.390625,1.0,wm,3
11,107,10.0,1,0.577248238000266,-83.0,0.5,wm,3
11,103,95.1953125,1,0.889634670000305,7.80468750000001,0.5,wm,3
11,16,201.328125,1,1.49647381800014,-5.32812499999998,0.5,wm,3
11,68,259.296875,1,1.41890232300011,-11.296875,0.5,wm,3
11,64,240.3359375,1,1.39338166100015,3.66406250000003,0.5,wm,3
11,110,297.609375,1,1.14968192100014,-7.60937500000005,0.5,wm,3
11,74,275.921875,1,0.89028192700016,-21.921875,1.0,wm,3
11,26,70.0,1,0.490843140999914,-44.0,1.0,wm,3
11,46,349.4453125,1,1.22938839000017,56.5546875,0.5,wm,3
11,76,356.28125,1,1.09448912900007,79.71875,1.0,wm,3
11,88,243.015625,1,0.966869659000167,24.984375,0.5,wm,3
11,34,193.0625,1,1.33852950200026,20.9375,1.0,wm,3
11,3,4.5625,1,0.990795268000056,-1.5625,0.5,wm,3
11,168,355.1796875,1,0.958928052000374,-7.17968749999997,0.5,wm,3
11,152,139.2734375,2,1.05762100000038,12.7265625,0.5,wm,3
11,90,189.890625,1,0.843848403000266,80.109375,1.0,wm,3
11,31,328.5,1,0.97533575000034,62.5,1.0,wm,3
11,137,312.8671875,2,0.917494502999944,4.13281249999999,1.0,wm,3
11,129,325.921875,2,1.5100656970003,-16.921875,1.0,wm,3
11,142,320.1171875,2,2.01290713600019,1.88281249999999,0.5,wm,3
11,2,161.390625,2,1.41079713799991,20.609375,0.5,wm,3
11,15,173.390625,2,0.52558141100053,21.609375,1.0,wm,3
11,61,265.296875,1,1.04861733700045,-24.296875,1.0,wm,3
11,19,335.8046875,1,1.18275453500019,43.1953125,0.5,wm,3
11,170,136.21875,1,1.23188271500021,33.78125,0.5,wm,3
11,39,218.4375,1,1.31023435900033,0.562500000000019,0.5,wm,3
11,29,231.078125,1,0.967311299000357,-22.078125,0.5,wm,3
11,21,265.40625,1,0.915813091000018,-64.40625,0.5,wm,3
11,89,55.1953125,1,1.45156348700039,33.8046875,1.0,wm,3
11,66,82.171875,1,0.767890331999752,-16.171875,1.0,wm,3
11,175,87.953125,1,2.26070117000017,87.046875,1.0,wm,3
12,52,216.6796875,2,4.3938004620004,15.3203125,0.5,wm,3
12,62,221.03125,2,2.00930900100047,20.96875,1.0,wm,3
12,20,219.671875,3,1.99625524600015,-19.671875,1.0,wm,3
12,11,205.40625,3,2.0456445560003,-14.40625,0.5,wm,3
12,108,183.65625,2,2.77091945800021,-75.65625,0.5,wm,3
12,7,24.828125,2,5.37147512300089,-17.828125,1.0,wm,3
12,148,130.8125,2,2.12629254800049,17.1875,0.5,wm,3
12,105,126.28125,3,1.74545185200077,-21.28125,0.5,wm,3
12,27,308.3984375,2,3.19904502300051,78.6015625,1.0,wm,3
12,79,192.484375,2,4.35581440599981,66.515625,0.5,wm,3
12,147,339.109375,2,2.17864863999966,-12.109375,1.0,wm,3
12,146,150.6171875,2,2.10836690299948,-4.61718750000001,0.5,wm,3
12,95,120.0,2,3.21468605100017,-25.0,1.0,wm,3
12,57,211.59375,1,7.23393804900024,25.40625,0.5,wm,3
12,72,206.0,2,1.7684238769998,46.0,0.5,wm,3
12,98,129.625,3,1.54415360599978,-31.625,0.5,wm,3
12,9,33.6875,2,17.491843660001,-24.6875,1.0,wm,3
12,28,214.5625,2,3.03957631600042,-6.56249999999998,1.0,wm,3
12,96,109.296875,3,2.84140169500097,-13.296875,1.0,wm,3
12,178,160.84375,2,2.81159464900065,17.15625,0.5,wm,3
12,41,157.625,2,2.66168468400065,63.375,1.0,wm,3
12,90,60.6171875,2,5.67213336200075,29.3828125,0.5,wm,3
12,51,47.640625,2,1.98156156300047,3.359375,0.5,wm,3
12,55,209.1640625,2,10.3728543410007,25.8359375,1.0,wm,3
12,158,148.8828125,3,3.36641093599974,9.11718749999997,0.5,wm,3
12,12,182.3046875,2,3.01316667300034,9.69531249999998,1.0,wm,3
12,40,221.7734375,2,2.60696950400052,-1.7734375,0.5,wm,3
12,4,211.40625,3,2.08836583399989,-27.40625,1.0,wm,3
12,99,132.0,2,6.54405389400017,-33.0,0.5,wm,3
12,29,203.2578125,2,2.72965550899971,5.7421875,1.0,wm,3
12,41,229.984375,1,2.86890675500035,-8.984375,1.0,wm,3
12,73,213.09375,1,3.00968380300037,39.90625,0.5,wm,3
12,138,202.828125,2,2.99903712899959,-64.828125,1.0,wm,3
12,159,166.0546875,2,7.59601424599987,-7.05468749999999,1.0,wm,3
12,65,241.40625,2,2.93946603200038,3.59374999999999,1.0,wm,3
12,122,138.3046875,4,1.58956382399992,-16.3046875,1.0,wm,3
12,45,48.6171875,3,2.55853458500042,-3.61718750000001,0.5,wm,3
12,113,311.140625,2,2.98634344099992,-18.140625,1.0,wm,3
12,49,36.3046875,4,2.32849349600019,12.6953125,0.5,wm,3
12,56,215.7421875,3,2.68533708399991,20.2578125,1.0,wm,3
12,71,34.3203125,2,8.06081801400069,36.6796875,0.5,wm,3
12,114,116.0,1,0.697710609000751,-2.0,1.0,wm,3
12,59,55.078125,3,2.63055354000062,3.92187500000001,1.0,wm,3
12,107,299.7734375,2,2.86637581699961,-12.7734375,0.5,wm,3
12,24,295.125,3,8.56173906700042,88.875,1.0,wm,3
12,85,230.3984375,3,2.68992012099989,34.6015625,0.5,wm,3
12,35,8.78125,2,2.73838158300077,26.21875,1.0,wm,3
12,50,205.328125,2,2.36626586900002,24.671875,1.0,wm,3
12,18,192.0,2,3.36813429700032,6.0,1.0,wm,3
12,69,224.1171875,2,8.07395704700048,24.8828125,1.0,wm,3
12,78,73.5234375,3,4.00611702600054,4.4765625,1.0,wm,3
12,11,74.5859375,2,2.48830151000038,-63.5859375,0.5,wm,3
12,65,242.515625,3,4.05025567899975,2.48437500000001,1.0,wm,3
12,26,32.84375,2,6.00065619399993,-6.84375000000001,0.5,wm,3
12,121,144.828125,3,3.16855800699977,-23.828125,1.0,wm,3
12,35,328.171875,1,1.71471487799954,66.828125,0.5,wm,3
12,115,314.5,4,4.53254831100094,-19.5,1.0,wm,3
12,45,34.3203125,3,2.35378948700054,10.6796875,1.0,wm,3
12,165,161.8515625,2,1.98794423500021,3.1484375,0.5,wm,3
12,77,340.46875,1,2.48053117400013,-83.46875,1.0,wm,3
13,48,52.0234375,1,1.2608919940003,-4.0234375,0.5,wm,3
13,15,19.671875,2,2.85628740199991,-4.671875,1.0,wm,3
13,119,311.953125,2,1.98619812000015,-12.953125,1.0,wm,3
13,61,229.078125,2,1.92114535900055,11.921875,1.0,wm,3
13,23,25.96875,2,2.36279799000022,-2.96875,0.5,wm,3
13,77,346.3671875,1,10.8322003499998,-89.3671874999999,0.5,wm,3
13,102,107.953125,4,2.58223847700083,-5.953125,0.5,wm,3
13,165,349.03125,4,1.41030945999955,-4.03125000000002,1.0,wm,3
13,62,245.875,4,2.56730285499998,-3.87499999999999,0.5,wm,3
13,48,228.171875,4,1.99096369000017,-0.171875000000001,0.5,wm,3
13,34,32.6953125,4,1.58911239500048,1.3046875,1.0,wm,3
13,23,350.0703125,1,15.4876003050003,32.9296875,0.5,wm,3
13,36,36.6640625,3,2.05776870599948,-0.664062499999999,1.0,wm,3
13,36,205.7265625,3,1.57678905100056,10.2734375,1.0,wm,3
13,2,191.6875,3,4.42119611700036,-9.68750000000001,1.0,wm,3
13,63,62.78125,3,1.92772392300049,0.218749999999989,0.5,wm,3
13,65,233.4765625,3,2.36241963800057,11.5234375,1.0,wm,3
13,9,192.6640625,3,1.92367422800089,-3.66406249999998,0.5,wm,3
13,17,41.2734375,1,3.98510988700036,-24.2734375,0.5,wm,3
13,66,84.6640625,1,3.21943808300057,-18.6640625,0.5,wm,3
13,96,99.3125,3,2.96654751000005,-3.3125,1.0,wm,3
13,25,24.0703125,4,2.97846054100046,0.929687500000002,0.5,wm,3
13,64,197.59375,2,7.87309539000034,46.40625,0.5,wm,3
13,94,73.046875,3,3.02370794900071,20.953125,1.0,wm,3
13,37,233.078125,2,1.81664683800045,-16.078125,0.5,wm,3
13,65,216.0859375,2,2.49140078900018,28.9140625,1.0,wm,3
13,39,221.65625,2,4.08130398899993,-2.65624999999997,1.0,wm,3
13,123,319.046875,2,2.08838144800029,-16.046875,0.5,wm,3
13,171,65.2578125,1,3.6712745800005,-74.2578125,1.0,wm,3
13,118,249.625,1,0.690985471000204,48.375,0.5,wm,3
13,60,50.6796875,2,1.33745869199993,9.32031249999999,1.0,wm,3
13,24,233.5390625,1,3.25321878999966,-29.5390625,1.0,wm,3
13,28,66.8671875,2,2.24060358900078,-38.8671875,0.5,wm,3
13,29,225.40625,3,3.91421908200027,-16.40625,1.0,wm,3
13,166,154.3359375,1,3.16976606300068,11.6640625,0.5,wm,3
13,177,337.296875,1,1.63061491400003,19.7031250000001,1.0,wm,3
13,7,151.2578125,1,2.60581378699953,35.7421875,0.5,wm,3
13,55,10.796875,1,1.63879666299999,44.203125,0.5,wm,3
13,180,13.40625,3,5.94889256700026,-13.40625,1.0,wm,3
13,32,236.0546875,2,4.46445018399936,-24.0546875,0.5,wm,3
13,11,32.171875,2,3.86389866799982,-21.171875,1.0,wm,3
13,32,36.5859375,4,2.0213608439999,-4.5859375,1.0,wm,3
13,100,108.9453125,3,2.72352479200072,-8.94531250000001,0.5,wm,3
13,162,340.0,2,2.07621738800026,1.99999999999999,1.0,wm,3
13,156,146.3671875,2,1.5284773430003,9.6328125,1.0,wm,3
13,19,204.6640625,2,4.56135354900016,-5.6640625,1.0,wm,3
13,137,145.8515625,2,2.31471664000037,-8.85156249999999,1.0,wm,3
13,153,304.8828125,3,3.35246625800028,28.1171875,0.5,wm,3
13,12,214.8984375,2,2.97293580299993,-22.8984375,0.5,wm,3
13,131,295.2734375,2,2.83514916900094,15.7265625,0.5,wm,3
13,8,10.3515625,1,4.35112328299965,-2.3515625,0.5,wm,3
13,70,60.265625,1,2.12808811899959,9.734375,1.0,wm,3
13,51,76.0,1,1.21523860799971,-25.0,0.5,wm,3
13,57,204.265625,1,0.891671334000421,32.734375,0.5,wm,3
13,18,37.2265625,1,1.46715629100072,-19.2265625,0.5,wm,3
13,117,288.9921875,2,1.67247472800045,8.00781250000002,1.0,wm,3
13,13,15.921875,2,1.47641282699988,-2.921875,0.5,wm,3
13,53,203.890625,1,1.3163270720006,29.109375,0.5,wm,3
13,106,65.7421875,1,2.06408853399989,40.2578125,0.5,wm,3
13,21,29.03125,3,4.6737581819998,-8.03125,0.5,wm,3
14,47,330.0,1,0.670724732000508,77.0,1.0,wm,3
14,129,302.0859375,1,1.65662989600014,6.91406250000004,0.5,wm,3
14,167,359.4765625,1,0.742515123999965,-12.4765625,1.0,wm,3
14,117,311.109375,2,1.71078123100006,-14.109375,0.5,wm,3
14,68,63.90625,2,1.36940668200032,4.09375,0.5,wm,3
14,48,237.09375,4,2.73264277399994,-9.09375000000001,1.0,wm,3
14,44,50.734375,4,1.75688354700014,-6.734375,0.5,wm,3
14,42,42.78125,3,1.99785707900037,-0.781249999999996,0.5,wm,3
14,67,220.6953125,3,1.21951723500024,26.3046875,1.0,wm,3
14,11,189.0625,3,1.47480988100051,1.9375,0.5,wm,3
14,50,4.0,1,0.783863756999835,46.0,1.0,wm,3
14,50,249.8359375,1,1.32384078300038,-19.8359375,1.0,wm,3
14,65,72.75,3,1.96860730500021,-7.75,1.0,wm,3
14,144,333.296875,2,1.27784926100048,-9.296875,1.0,wm,3
14,133,321.671875,4,2.28462247400012,-8.67187499999999,0.5,wm,3
14,31,218.0546875,3,2.14472366600057,-7.05468749999999,0.5,wm,3
14,126,314.3515625,4,1.2115692440002,-8.35156250000003,1.0,wm,3
14,157,157.59375,3,2.31080136300034,-0.593750000000006,0.5,wm,3
14,79,251.5390625,2,2.47700151800018,7.46093749999999,1.0,wm,3
14,9,3.6875,4,4.41675669699998,5.3125,1.0,wm,3
14,170,357.4921875,3,2.57190214500042,-7.49218749999999,1.0,wm,3
14,42,25.609375,3,3.42643911899995,16.390625,1.0,wm,3
14,94,252.78125,1,0.748045632999947,21.21875,0.5,wm,3
14,39,1.375,2,4.26741971700039,37.625,1.0,wm,3
14,5,176.28125,1,2.26621295599989,8.71875000000003,0.5,wm,3
14,147,157.8515625,3,1.8323947910003,-10.8515625,0.5,wm,3
14,151,146.5859375,3,2.32234398000037,4.4140625,0.5,wm,3
14,6,1.1796875,4,6.64640370400048,4.8203125,1.0,wm,3
14,53,56.21875,3,1.47958850800023,-3.21875,0.5,wm,3
14,132,84.0,2,1.31012963800049,48.0,1.0,wm,3
14,26,28.3828125,4,2.07841146400006,-2.3828125,0.5,wm,3
14,58,57.5546875,3,2.76987815300026,0.445312500000004,0.5,wm,3
14,12,187.9375,3,2.76154260700014,4.06250000000001,1.0,wm,3
14,178,181.7890625,2,2.95797953900046,-3.78906250000001,0.5,wm,3
14,59,132.0,1,1.47190032800017,-73.0,0.5,wm,3
14,69,336.8125,2,3.1460707920005,-87.8125,0.5,wm,3
14,62,59.6875,4,2.57659776900027,2.31249999999999,1.0,wm,3
14,13,200.3046875,3,1.64101258599976,-7.30468750000002,0.5,wm,3
14,56,335.7265625,1,0.9393060780003,80.2734375,1.0,wm,3
14,174,344.15625,2,1.97495676100016,9.84374999999996,1.0,wm,3
14,21,350.3671875,2,1.6870223410001,30.6328125,0.5,wm,3
14,128,181.7734375,2,1.61558695300027,-53.7734375,1.0,wm,3
14,171,172.734375,2,1.31804516300008,-1.73437500000002,0.5,wm,3
14,16,177.984375,4,3.70391450900024,18.015625,0.5,wm,3
14,85,266.8828125,3,2.55758404000017,-1.88281249999999,1.0,wm,3
14,22,212.15625,3,4.60576530600019,-10.15625,0.5,wm,3
14,29,33.046875,3,2.01597455399997,-4.046875,0.5,wm,3
14,10,188.0390625,3,2.21785435399988,1.96093750000001,0.5,wm,3
14,172,342.0234375,2,3.62987291900026,9.97656250000001,0.5,wm,3
14,8,183.2578125,3,2.27787871300006,4.74218750000002,0.5,wm,3
14,111,88.0,2,0.76830160999998,23.0,1.0,wm,3
14,49,236.484375,3,1.85405885799992,-7.484375,0.5,wm,3
14,149,150.9921875,3,1.67643632600038,-1.99218750000001,1.0,wm,3
14,25,136.6171875,1,2.45480971000052,68.3828125,1.0,wm,3
14,48,126.0,1,0.491357025000525,-78.0,0.5,wm,3
14,80,74.8671875,2,2.31850525499976,5.1328125,1.0,wm,3
14,32,242.3359375,2,1.75381779200006,-30.3359375,0.5,wm,3
14,66,248.0,1,1.1322072210005,-1.99999999999998,1.0,wm,3
14,23,76.0,1,0.931591033000132,-53.0,1.0,wm,3
14,5,67.59375,2,2.53286272700007,-62.59375,1.0,wm,3
16,4,24.6328125,2,1.32370075210929,-20.6328125,1.0,wm,3
16,83,316.9140625,2,1.14636164798867,-53.9140625,0.5,wm,3
16,118,20.0,1,0.400176514987834,-82.0,1.0,wm,3
16,98,233.1796875,2,1.5641620970564,44.8203125,1.0,wm,3
16,63,314.3359375,2,1.92632100405172,-71.3359375,1.0,wm,3
16,132,125.625,3,1.84820862603374,6.37500000000001,0.5,wm,3
16,149,307.5703125,4,2.23034030804411,21.4296875,0.5,wm,3
16,40,206.1328125,3,1.70537697407417,13.8671875,1.0,wm,3
16,25,48.46875,4,1.55784689402208,-23.46875,1.0,wm,3
16,145,212.234375,2,2.2899306420004,-67.234375,0.5,wm,3
16,92,221.4921875,1,1.32219168602023,50.5078125,1.0,wm,3
16,2,15.4765625,3,2.22665737406351,-13.4765625,0.5,wm,3
16,179,7.984375,3,2.43633455701638,-8.984375,0.5,wm,3
16,143,147.140625,2,1.60536332405172,-4.140625,1.0,wm,3
16,157,205.5546875,3,1.52086211997084,-48.5546875,0.5,wm,3
16,36,145.34375,2,1.64081578096375,70.65625,1.0,wm,3
16,162,42.9140625,2,1.99861551995855,-60.9140625,0.5,wm,3
16,106,308.0234375,3,1.7671478940174,-22.0234375,1.0,wm,3
16,89,194.6328125,2,1.85244145605247,74.3671875,0.5,wm,3
16,162,147.7265625,3,1.46379715099465,14.2734375,1.0,wm,3
16,95,268.9609375,3,1.52022642805241,6.0390625,1.0,wm,3
16,41,217.890625,3,1.67501772602554,3.10937500000003,1.0,wm,3
16,18,216.1875,3,1.6822790800361,-18.1875,0.5,wm,3
16,25,203.5703125,3,1.41115082404576,1.42968750000001,1.0,wm,3
16,136,318.3515625,1,1.27064636407886,-2.35156249999997,1.0,wm,3
16,123,132.7109375,3,1.22717747604474,-9.71093749999999,0.5,wm,3
16,2,292.3046875,1,3.20551523612812,69.6953125,1.0,wm,3
16,49,230.75,3,1.16187791700941,-1.74999999999998,1.0,wm,3
16,118,312.5,3,2.63405114912894,-14.5,1.0,wm,3
16,119,48.3515625,4,1.51482843700796,70.6484375,0.5,wm,3
16,118,307.109375,3,1.8004701260943,-9.10937499999995,1.0,wm,3
16,49,30.484375,4,1.37285392312333,18.515625,1.0,wm,3
16,101,289.640625,3,2.45467232598457,-8.64062499999999,0.5,wm,3
16,163,214.75,3,3.08060041710269,-51.75,1.0,wm,3
16,72,105.1640625,2,2.02238023502287,-33.1640625,0.5,wm,3
16,140,161.1953125,2,1.85263778292574,-21.1953125,0.5,wm,3
16,74,255.4609375,2,2.95254301896784,-1.46093749999997,1.0,wm,3
16,15,167.5546875,3,3.39360583003145,27.4453125,0.5,wm,3
16,117,113.3125,4,1.865188242984,3.6875,1.0,wm,3
16,155,338.0078125,3,1.46977346402127,-3.00781249999997,0.5,wm,3
16,1,155.1640625,2,2.49659692600835,25.8359375,1.0,wm,3
16,59,59.7421875,3,1.40044001804199,-0.742187499999992,0.5,wm,3
16,4,251.5390625,4,2.5695132589899,-67.5390625,0.5,wm,3
16,16,12.6015625,3,1.42677692312282,3.3984375,1.0,wm,3
16,168,12.25,3,1.98054688505363,-24.25,1.0,wm,3
16,155,318.6171875,1,2.09375452704262,16.3828125,0.5,wm,3
16,34,185.875,3,1.67041857901495,28.125,0.5,wm,3
16,108,126.53125,3,1.30904688499868,-18.53125,0.5,wm,3
16,168,34.0703125,2,2.27717119303998,-46.0703125,0.5,wm,3
16,13,212.0859375,2,1.79526615911163,-19.0859375,1.0,wm,3
16,180,171.34375,1,2.13954841706436,8.65625,0.5,wm,3
16,148,167.5703125,3,3.32947103306651,-19.5703125,0.5,wm,3
16,149,324.7109375,3,1.57755044195801,4.2890625,1.0,wm,3
16,96,172.0,1,4.00812167604454,-76.0,0.5,wm,3
16,118,111.03125,3,1.37411073606927,6.96875000000001,0.5,wm,3
16,43,42.546875,3,1.86610538500827,0.453125,1.0,wm,3
16,32,25.9375,2,3.21544813504443,6.0625,1.0,wm,3
16,7,291.4921875,3,2.93897412810475,75.5078125,0.5,wm,3
16,175,205.7578125,2,1.99582300207112,-30.7578125,1.0,wm,3
16,45,186.8125,3,1.05503839906305,38.1875,0.5,wm,3
17,27,201.921875,4,1.29511885900047,5.07812499999999,1.0,wm,3
17,68,246.765625,4,1.55354187400008,1.23437500000002,0.5,wm,3
17,87,204.6953125,4,1.79945487700024,62.3046875,0.5,wm,3
17,3,171.703125,4,1.29004423700053,11.296875,0.5,wm,3
17,130,127.640625,4,1.87727908900024,2.35937500000001,0.5,wm,3
17,23,189.8203125,4,1.7918308240005,13.1796875,0.5,wm,3
17,167,149.5703125,4,1.12455690399975,17.4296875,0.5,wm,3
17,120,98.6953125,4,1.73415942100019,21.3046875,1.0,wm,3
17,164,140.0234375,4,2.11172256300006,23.9765625,1.0,wm,3
17,130,316.6015625,4,1.6098131280005,-6.60156250000004,1.0,wm,3
17,106,128.171875,4,1.1138020530002,-22.171875,0.5,wm,3
17,117,129.4609375,4,1.32265893600015,-12.4609375,1.0,wm,3
17,90,297.5390625,4,1.73241699200025,-27.5390625,1.0,wm,3
17,147,148.5625,4,1.36163015900001,-1.56250000000002,1.0,wm,3
17,26,15.359375,4,1.76276560800034,10.640625,1.0,wm,3
17,96,276.1015625,4,1.411611773,-0.101562499999962,0.5,wm,3
17,32,194.84375,4,1.86945858799982,17.15625,1.0,wm,3
17,52,97.8203125,1,0.894541874000424,-45.8203125,0.5,wm,3
17,23,203.40625,4,1.63774465200004,-0.406249999999985,0.5,wm,3
17,84,265.7265625,4,3.47779537800034,-1.72656249999998,0.5,wm,3
17,61,27.5390625,4,2.30948010600059,33.4609375,1.0,wm,3
17,143,301.7890625,4,1.89822874099991,21.2109375,1.0,wm,3
17,97,100.21875,3,1.09069419600019,-3.21875000000001,1.0,wm,3
17,144,35.4765625,2,1.60287845499988,-71.4765625,1.0,wm,3
17,9,7.890625,3,1.94677511000009,1.109375,1.0,wm,3
17,152,151.890625,4,2.17124338500025,0.109375000000012,1.0,wm,3
17,119,320.0546875,4,1.42227981500037,-21.0546875,1.0,wm,3
17,34,41.8359375,4,1.27448980899999,-7.8359375,1.0,wm,3
17,122,127.921875,4,1.28361119500005,-5.92187499999999,1.0,wm,3
17,159,19.5546875,2,1.32746593100001,-40.5546875,0.5,wm,3
17,137,152.0859375,2,1.72721630500018,-15.0859375,0.5,wm,3
17,145,151.6875,2,2.24011889099984,-6.68749999999998,1.0,wm,3
17,143,147.96875,2,1.50066924900011,-4.96874999999999,0.5,wm,3
17,91,97.6875,3,1.6349489170002,-6.6875,1.0,wm,3
17,115,125.2734375,3,1.54192574099989,-10.2734375,0.5,wm,3
17,75,56.8125,2,2.13250366400007,18.1875,0.5,wm,3
17,1,341.4921875,3,1.07301865700038,19.5078125,0.5,wm,3
17,127,318.3046875,4,1.39602502000025,-11.3046874999999,1.0,wm,3
17,11,150.484375,3,2.14484979600047,40.515625,0.5,wm,3
17,53,60.828125,3,2.09243562399979,-7.828125,0.5,wm,3
17,83,285.984375,2,1.46559509600002,-22.984375,1.0,wm,3
17,128,286.515625,4,2.6617827770001,21.484375,1.0,wm,3
17,133,139.5390625,4,1.75547703299981,-6.5390625,1.0,wm,3
17,106,320.25,4,2.22027265100041,-34.25,0.5,wm,3
17,75,44.9140625,4,1.6738376430003,30.0859375,0.5,wm,3
17,104,315.1796875,2,1.74753790700015,-31.1796875,1.0,wm,3
17,21,205.2734375,3,2.16587047700023,-4.27343750000001,0.5,wm,3
17,106,136.171875,3,1.31128325500003,-30.171875,0.5,wm,3
17,117,305.65625,4,2.27802673600036,-8.65624999999999,1.0,wm,3
17,112,101.03125,3,1.85662181700036,10.96875,1.0,wm,3
17,65,230.171875,3,1.83263572300029,14.828125,1.0,wm,3
17,162,135.390625,3,2.48236264000025,26.609375,1.0,wm,3
17,120,114.9296875,3,1.24157919700019,5.07031249999999,0.5,wm,3
17,62,226.546875,4,1.15024993500037,15.453125,0.5,wm,3
17,93,263.1796875,4,1.66591633400003,9.8203125,1.0,wm,3
17,137,314.515625,4,1.26819608799997,2.48437499999996,1.0,wm,3
17,102,109.4609375,4,1.95210867800006,-7.4609375,1.0,wm,3
17,42,210.53125,4,1.95771439000009,11.46875,0.5,wm,3
17,110,295.2109375,4,1.18367003100002,-5.2109375,1.0,wm,3
17,119,129.1640625,2,1.29659240699993,-10.1640625,0.5,wm,3
18,57,46.3046875,2,1.58349901700058,10.6953125,0.5,wm,3
18,96,94.6796875,2,10.204540095001,1.32031250000001,1.0,wm,3
18,41,195.03125,3,9.44754208599988,25.96875,0.5,wm,3
18,66,248.171875,2,1.23686861100214,-2.17187499999997,0.5,wm,3
18,154,161.03125,4,0.87360700300087,-7.03125,1.0,wm,3
18,112,267.4921875,2,1.73130225500063,24.5078125,0.5,wm,3
18,91,284.3828125,2,1.62299849199917,-13.3828125,1.0,wm,3
18,154,342.3515625,2,1.75762471400049,-8.35156250000001,0.5,wm,3
18,65,254.1328125,3,1.6392114600003,-9.13281250000002,0.5,wm,3
18,102,124.46875,3,0.955663328999435,-22.46875,0.5,wm,3
18,149,128.6171875,2,1.2745991060001,20.3828125,1.0,wm,3
18,24,203.875,3,1.41596458899949,0.124999999999998,0.5,wm,3
18,177,320.9609375,2,2.15897485499954,36.0390625,0.5,wm,3
18,35,11.4453125,3,1.61573466300069,23.5546875,0.5,wm,3
18,97,107.5234375,2,1.40343986300104,-10.5234375,0.5,wm,3
18,89,89.5234375,3,3.27149470400036,-0.523437499999998,0.5,wm,3
18,167,154.203125,2,1.7750302759996,12.796875,0.5,wm,3
18,171,215.3125,2,1.84374438799932,-44.3125,1.0,wm,3
18,167,133.8515625,1,1.90063257600013,33.1484375,0.5,wm,3
18,162,228.484375,2,1.22102515199913,-66.484375,1.0,wm,3
18,64,61.1796875,3,1.60658976000195,2.8203125,1.0,wm,3
18,115,106.0,3,2.18559222799922,9.0,1.0,wm,3
18,81,83.1640625,2,2.79226763199949,-2.1640625,0.5,wm,3
18,48,199.4765625,3,1.28621600800034,28.5234375,0.5,wm,3
18,98,354.0,3,1.58033157500176,-76.0,0.5,wm,3
18,74,254.21875,3,1.87975424100114,-0.218749999999989,1.0,wm,3
18,15,7.8046875,2,1.78356854599951,7.1953125,0.5,wm,3
18,75,67.109375,3,1.2637669199994,7.89062500000001,0.5,wm,3
18,152,333.296875,2,1.25963210800182,-1.29687499999999,1.0,wm,3
18,109,276.515625,4,1.79226623600152,12.484375,1.0,wm,3
18,112,277.046875,4,1.9358533579998,14.953125,0.5,wm,3
18,34,23.65625,3,1.51509364500089,10.34375,0.5,wm,3
18,119,104.0078125,3,2.40866706600173,14.9921875,1.0,wm,3
18,16,5.296875,2,1.69205448699904,10.703125,0.5,wm,3
18,115,289.296875,3,1.79307348899965,5.703125,1.0,wm,3
18,5,185.125,2,1.20939216199986,-0.124999999999998,1.0,wm,3
18,108,298.4296875,4,1.40158302300006,-10.4296875,0.5,wm,3
18,107,278.453125,4,1.5560585029998,8.54687499999996,1.0,wm,3
18,151,173.40625,1,1.71958478200031,-22.40625,0.5,wm,3
18,3,132.6953125,2,1.19528694600012,50.3046875,1.0,wm,3
18,111,289.1953125,2,3.73567904900119,1.80468750000001,0.5,wm,3
18,76,76.78125,3,1.90593719099888,-0.781249999999998,1.0,wm,3
18,57,227.03125,3,1.16594431200065,9.96874999999998,0.5,wm,3
18,81,243.140625,2,1.91663968300054,17.859375,1.0,wm,3
18,92,106.3671875,3,1.49077863899947,-14.3671875,0.5,wm,3
18,14,160.6484375,3,1.21285785300097,33.3515625,1.0,wm,3
18,75,57.390625,3,2.19411360800041,17.609375,1.0,wm,3
18,78,261.9375,2,1.58123911500115,-3.93750000000002,0.5,wm,3
18,18,202.9140625,2,1.04944617900037,-4.91406250000001,1.0,wm,3
18,99,91.65625,3,1.4231582450011,7.34375,0.5,wm,3
18,179,3.90625,4,1.77352682000128,-4.90624999999998,0.5,wm,3
18,25,18.28125,4,1.06324680500074,6.71875,1.0,wm,3
18,62,71.4609375,4,1.31976476499949,-9.46093750000001,0.5,wm,3
18,158,309.5234375,1,1.17320468700018,28.4765625,1.0,wm,3
18,43,219.921875,1,1.23276996599998,3.07812499999999,0.5,wm,3
18,130,323.7890625,3,1.21833304900065,-13.7890625,1.0,wm,3
18,17,216.1171875,3,1.18514980100008,-19.1171875,0.5,wm,3
18,99,295.96875,2,0.974943015000463,-16.96875,0.5,wm,3
18,134,314.21875,3,2.15500399399934,-0.218749999999963,0.5,wm,3
18,122,298.3515625,4,1.10491933400044,3.64843749999998,0.5,wm,3
19,148,130.9453125,3,0.811175921000086,17.0546875,0.5,wm,3
19,123,276.765625,3,1.22242556600031,26.234375,1.0,wm,3
19,84,9.5390625,2,1.37597132500014,74.4609375,0.5,wm,3
19,44,231.5703125,3,0.864721476000341,-7.57031249999999,1.0,wm,3
19,25,160.0703125,2,1.45092018700007,44.9296875,0.5,wm,3
19,18,16.3046875,3,1.41649343300014,1.6953125,0.5,wm,3
19,132,297.875,3,1.21884901499971,14.125,1.0,wm,3
19,60,203.09375,4,1.33911665400001,36.90625,1.0,wm,3
19,29,252.3046875,3,1.1213944279998,-43.3046875,0.5,wm,3
19,149,332.6484375,3,1.31702568299988,-3.6484375,1.0,wm,3
19,79,256.3046875,3,1.1923274830001,2.6953125,0.5,wm,3
19,33,190.84375,3,1.30964255000026,22.15625,0.5,wm,3
19,120,98.8125,3,1.32676676199981,21.1875,1.0,wm,3
19,22,194.1015625,4,1.43473173800021,7.89843750000002,1.0,wm,3
19,43,240.765625,3,1.08665027799998,-17.765625,0.5,wm,3
19,143,150.9765625,3,1.39493061800022,-7.97656249999999,1.0,wm,3
19,88,111.296875,2,3.62437894999994,-23.296875,0.5,wm,3
19,161,140.515625,3,1.13937070400016,20.484375,1.0,wm,3
19,112,36.203125,2,1.00110063500051,75.796875,0.5,wm,3
19,88,152.9765625,3,1.58297822700024,-64.9765625,1.0,wm,3
19,160,350.1015625,3,1.64103970699989,-10.1015625,0.5,wm,3
19,118,100.6640625,4,1.85620584300023,17.3359375,0.5,wm,3
19,75,74.9453125,2,1.66896068100004,0.0546875000000081,1.0,wm,3
19,21,186.453125,3,1.17146506600011,14.546875,1.0,wm,3
19,116,107.7734375,2,1.67110508700034,8.2265625,0.5,wm,3
19,130,346.8125,3,1.45440982400032,-36.8125,1.0,wm,3
19,52,14.9140625,2,1.62597088200027,37.0859375,0.5,wm,3
19,96,331.59375,3,1.63526730900048,-55.59375,0.5,wm,3
19,124,139.921875,3,0.856476440999813,-15.921875,1.0,wm,3
19,144,322.484375,3,1.01087468300011,1.515625,0.5,wm,3
19,70,76.5859375,2,2.08271742800025,-6.5859375,1.0,wm,3
19,13,11.2578125,3,1.86607094800047,1.7421875,1.0,wm,3
19,101,66.6640625,3,1.16916641100033,34.3359375,1.0,wm,3
19,84,18.5625,3,1.85937355000033,65.4375,1.0,wm,3
19,178,25.4921875,2,3.50646834500048,-27.4921875,1.0,wm,3
19,85,316.0,1,3.97020704299985,-51.0,0.5,wm,3
19,162,166.0859375,2,1.57192040000018,-4.0859375,1.0,wm,3
19,146,308.4296875,3,1.31382211100026,17.5703125,1.0,wm,3
19,136,128.734375,2,1.54386127200041,7.26562500000001,0.5,wm,3
19,166,168.1015625,3,1.72921765499996,-2.1015625,0.5,wm,3
19,24,18.0546875,2,1.43265459200029,5.9453125,1.0,wm,3
19,124,107.90625,4,2.03834236800003,16.09375,1.0,wm,3
19,71,21.09375,3,1.95447757500006,49.90625,1.0,wm,3
19,41,37.078125,3,0.952871719000086,3.921875,1.0,wm,3
19,109,291.140625,3,1.26687474800019,-2.14062499999999,0.5,wm,3
19,77,261.125,2,1.96376606700005,-4.125,1.0,wm,3
19,27,5.90625,1,1.86399415599999,21.09375,1.0,wm,3
19,21,195.4921875,3,1.36470069799998,5.5078125,1.0,wm,3
19,178,7.2109375,2,1.58690778800019,-9.21093750000002,1.0,wm,3
19,124,305.9375,2,1.41164511299985,-1.93749999999998,0.5,wm,3
19,22,182.5625,2,1.85355719400013,19.4375,1.0,wm,3
19,169,166.53125,1,0.860993337999844,2.46874999999999,0.5,wm,3
19,82,64.9765625,2,1.22181682000019,17.0234375,0.5,wm,3
19,164,327.703125,3,1.82943532799982,16.296875,0.5,wm,3
19,69,331.390625,3,1.26470364400029,-82.390625,1.0,wm,3
19,81,241.640625,2,1.71452092699974,19.359375,1.0,wm,3
19,152,343.2421875,3,1.68045355899994,-11.2421875,1.0,wm,3
19,48,17.7265625,3,0.414939882999988,30.2734375,1.0,wm,3
19,47,192.21875,2,5.26769916100011,34.78125,0.5,wm,3
19,13,193.7890625,3,1.54239228100005,-0.789062499999988,1.0,wm,3
20,68,234.796875,3,0.991180615000303,13.203125,1.0,wm,3
20,30,196.265625,2,1.39176411900098,13.734375,0.5,wm,3
20,38,226.9609375,3,1.22700582300058,-8.96093749999997,1.0,wm,3
20,104,100.3671875,3,1.52580661800039,3.63281250000001,1.0,wm,3
20,81,59.7421875,2,1.7163364550006,21.2578125,1.0,wm,3
20,93,109.125,3,1.36312818900024,-16.125,1.0,wm,3
20,105,247.5234375,2,2.06659529800072,37.4765625,0.5,wm,3
20,41,266.1015625,1,2.39083902400034,-45.1015625,0.5,wm,3
20,81,64.3671875,3,1.16784800100049,16.6328125,1.0,wm,3
20,35,8.0703125,3,1.1254280029998,26.9296875,1.0,wm,3
20,163,167.4921875,3,1.67545652900026,-4.49218749999998,0.5,wm,3
20,131,125.3125,4,1.05938381000033,5.68749999999999,0.5,wm,3
20,81,149.890625,2,1.73705904900089,-68.890625,0.5,wm,3
20,5,96.796875,1,0.772250083000472,88.203125,1.0,wm,3
20,2,221.984375,3,1.41538729700005,-39.984375,1.0,wm,3
20,16,188.234375,2,1.88251277500058,7.765625,1.0,wm,3
20,169,6.265625,2,1.07924598699992,-17.265625,0.5,wm,3
20,68,239.9375,3,1.14383432700015,8.0625,1.0,wm,3
20,177,4.3046875,2,1.42691133700009,-7.3046875,1.0,wm,3
20,1,186.828125,2,2.04770868500054,-5.82812500000001,1.0,wm,3
20,127,285.375,3,1.38280846599991,21.625,1.0,wm,3
20,4,191.03125,2,2.86746314099946,-7.03125000000002,1.0,wm,3
20,84,278.46875,3,1.46565722899959,-14.46875,0.5,wm,3
20,70,70.9296875,3,1.87549727000078,-0.929687500000005,0.5,wm,3
20,40,160.484375,3,1.16820261900011,59.515625,0.5,wm,3
20,112,129.96875,2,1.57704450500023,-17.96875,1.0,wm,3
20,154,153.609375,2,1.62496047200057,0.390625000000005,1.0,wm,3
20,16,196.265625,2,2.11462920800022,-0.265624999999971,1.0,wm,3
20,56,27.7421875,3,1.58442323200052,28.2578125,0.5,wm,3
20,90,273.7734375,2,1.82001538900022,-3.77343749999997,0.5,wm,3
20,174,81.625,3,1.60644819500067,-87.625,1.0,wm,3
20,100,223.2578125,2,1.14838641499955,56.7421875,0.5,wm,3
20,176,175.2421875,2,1.95511314600026,0.757812499999992,0.5,wm,3
20,112,89.1796875,1,1.97152446400014,22.8203125,0.5,wm,3
20,45,197.7578125,3,1.07459591099996,27.2421875,1.0,wm,3
20,100,84.3515625,2,0.0011297840001134,15.6484375,1.0,wm,3
20,156,342.28125,3,1.494843081,-6.28124999999999,1.0,wm,3
20,94,272.828125,3,2.16364629500004,1.171875,0.5,wm,3
20,101,87.015625,1,2.94176940600028,13.984375,0.5,wm,3
20,120,347.953125,3,1.7656862089998,-47.953125,1.0,wm,3
20,25,10.0703125,3,1.26706020200072,14.9296875,0.5,wm,3
20,80,345.4609375,2,1.63826015099949,-85.4609375,0.5,wm,3
20,99,227.03125,3,1.48931646700021,51.96875,1.0,wm,3
20,115,107.09375,3,1.52482789599981,7.90625,1.0,wm,3
20,146,118.6484375,2,0.84335116100101,27.3515625,0.5,wm,3
20,88,68.9296875,4,0.812435444000585,19.0703125,0.5,wm,3
20,177,176.234375,4,1.72686214800069,0.765625000000006,1.0,wm,3
20,84,251.5390625,4,0.933687669000392,12.4609375,0.5,wm,3
20,48,48.6640625,4,0.817906539999967,-0.664062500000002,1.0,wm,3
20,131,315.1640625,3,1.78900624400012,-4.16406250000005,0.5,wm,3
20,61,58.234375,3,2.24593944899971,2.765625,1.0,wm,3
20,39,197.625,3,1.55887477600027,21.375,0.5,wm,3
20,50,44.796875,3,1.69269581000026,5.20312499999999,1.0,wm,3
20,92,267.421875,4,2.47525271399991,4.578125,1.0,wm,3
20,146,159.7421875,3,1.52868956400016,-13.7421875,0.5,wm,3
20,82,22.515625,3,1.11983740500091,59.484375,0.5,wm,3
20,178,198.6484375,4,1.25589911000043,-20.6484375,0.5,wm,3
20,69,248.1015625,3,1.50616289100071,0.898437500000014,1.0,wm,3
20,72,253.140625,2,1.44908258699979,-1.14062500000002,1.0,wm,3
20,70,64.0546875,3,1.30931511400013,5.9453125,1.0,wm,3
21,64,225.9375,2,1.77613973899997,18.0625,1.0,wm,3
21,31,212.203125,1,1.75024170900042,-1.20312499999999,1.0,wm,3
21,38,39.65625,2,1.82698435300017,-1.65625,0.5,wm,3
21,34,226.515625,1,1.51605166299987,-12.515625,0.5,wm,3
21,111,314.3515625,2,1.4935331810002,-23.3515625,0.5,wm,3
21,119,145.984375,2,1.75875844100028,-26.984375,1.0,wm,3
21,95,229.703125,2,3.70977191600059,45.296875,1.0,wm,3
21,88,111.5546875,1,2.09782115799999,-23.5546875,0.5,wm,3
21,123,167.96875,1,3.5782682250001,-44.96875,0.5,wm,3
21,67,36.8125,2,2.22653124599992,30.1875,0.5,wm,3
21,68,234.15625,2,3.5962213140001,13.84375,0.5,wm,3
21,116,313.90625,2,1.61606243799997,-17.90625,0.5,wm,3
21,12,215.4609375,1,1.90147838699977,-23.4609375,1.0,wm,3
21,161,116.1875,1,6.86299661400017,44.8125,0.5,wm,3
21,112,325.890625,1,2.25571949700043,-33.890625,1.0,wm,3
21,73,85.125,1,2.09096358500028,-12.125,1.0,wm,3
21,173,193.96875,1,1.24805437500027,-20.96875,1.0,wm,3
21,107,328.25,1,1.05160798700035,-41.25,1.0,wm,3
21,178,326.0,1,0.800270597000235,32.0,0.5,wm,3
21,3,346.6484375,1,1.35097653300045,16.3515625,0.5,wm,3
21,171,170.765625,2,1.45687720800015,0.234375000000007,1.0,wm,3
21,44,249.4921875,1,2.0126178810001,-25.4921875,1.0,wm,3
21,12,20.9453125,1,1.68477569600009,-8.9453125,1.0,wm,3
21,58,47.875,1,1.91570598699991,10.125,1.0,wm,3
21,29,33.4765625,1,2.17537836800057,-4.47656249999999,1.0,wm,3
21,112,124.3515625,1,1.52297474400075,-12.3515625,0.5,wm,3
21,133,310.6484375,1,2.15637865600092,2.35156249999995,0.5,wm,3
21,134,164.0390625,1,2.35856248400069,-30.0390625,1.0,wm,3
21,90,86.3515625,1,1.73814244299956,3.64843749999999,0.5,wm,3
21,149,331.609375,1,1.41929387500022,-2.60937499999997,1.0,wm,3
21,28,55.5078125,1,2.27977554799963,-27.5078125,0.5,wm,3
21,168,215.015625,1,1.69648148800025,-47.015625,1.0,wm,3
21,48,222.828125,1,1.18338699699962,5.171875,1.0,wm,3
21,129,209.7890625,1,0.855290225000317,-80.7890625,0.5,wm,3
21,136,144.8828125,2,1.64085508300013,-8.88281249999999,0.5,wm,3
21,118,160.15625,1,14.2918372550002,-42.15625,1.0,wm,3
21,109,326.15625,1,1.53983160299958,-37.15625,0.5,wm,3
21,116,314.21875,1,1.67063073100053,-18.21875,1.0,wm,3
21,105,328.15625,1,1.35041325299972,-43.15625,1.0,wm,3
21,58,216.0859375,1,1.55840116500076,21.9140625,1.0,wm,3
21,76,213.1796875,1,5.5870769889998,42.8203125,1.0,wm,3
21,159,138.15625,1,3.77320956299991,20.84375,1.0,wm,3
21,166,167.625,1,1.75156419700033,-1.625,1.0,wm,3
21,114,345.2109375,1,1.49923862800006,-51.2109375,0.5,wm,3
21,178,0.4375,1,1.28839066100045,-2.43750000000001,0.5,wm,3
21,156,358.6484375,1,2.73561792300006,-22.6484375,0.5,wm,3
21,26,204.3203125,2,1.47334123899964,1.6796875,0.5,wm,3
21,62,242.0859375,3,2.37836939399949,-0.0859374999999744,1.0,wm,3
21,31,231.5390625,2,1.78107111600002,-20.5390625,1.0,wm,3
21,42,52.1015625,2,1.22382491799999,-10.1015625,0.5,wm,3
21,123,289.7578125,2,1.70368394999969,13.2421875,0.5,wm,3
21,5,194.15625,2,1.53417167800035,-9.15625,0.5,wm,3
21,72,111.1953125,2,1.43698718900032,-39.1953125,1.0,wm,3
21,148,330.53125,2,1.7833192800008,-2.53125000000003,0.5,wm,3
21,33,201.890625,2,2.99626724000063,11.109375,1.0,wm,3
21,53,207.3125,2,1.66581453600065,25.6875,0.5,wm,3
21,148,123.3125,3,1.11684209499981,24.6875,0.5,wm,3
21,62,160.734375,2,1.83423900600064,81.265625,1.0,wm,3
21,66,227.3125,1,1.34704721700018,18.6875,1.0,wm,3
21,81,321.015625,2,1.93578385099954,-60.015625,0.5,wm,3
22,131,328.3828125,3,2.55251207700167,-17.3828125,1.0,wm,3
22,122,329.078125,2,5.62713392200021,-27.078125,1.0,wm,3
22,28,229.40625,3,5.20612623700072,-21.40625,1.0,wm,3
22,51,62.9453125,2,2.06551448999926,-11.9453125,1.0,wm,3
22,11,5.390625,3,2.82327005900152,5.609375,1.0,wm,3
22,144,128.1171875,3,2.75397195100049,15.8828125,1.0,wm,3
22,139,308.6171875,2,3.94637188600063,10.3828125,0.5,wm,3
22,12,174.796875,2,2.44496382199941,17.203125,1.0,wm,3
22,8,1.09375,1,7.55876499900114,6.90625,1.0,wm,3
22,65,234.53125,3,1.70471723399896,10.46875,0.5,wm,3
22,70,239.1640625,2,2.76964215000044,10.8359375,0.5,wm,3
22,33,230.1015625,3,3.71533090500088,-17.1015625,1.0,wm,3
22,151,323.7890625,3,2.95072723299927,7.21093749999996,0.5,wm,3
22,42,61.984375,2,2.57659957100077,-19.984375,1.0,wm,3
22,97,117.8359375,3,3.35700914000154,-20.8359375,1.0,wm,3
22,170,174.21875,3,3.36158240600162,-4.21874999999999,0.5,wm,3
22,38,220.25,2,2.73075656600122,-2.24999999999997,0.5,wm,3
22,74,158.453125,1,1.93926072999966,-84.453125,0.5,wm,3
22,50,51.140625,2,1.49489622900001,-1.140625,1.0,wm,3
22,143,312.6484375,3,2.32189018300051,10.3515625,0.5,wm,3
22,55,48.15625,3,2.28614288500103,6.84375,1.0,wm,3
22,95,296.0,2,5.65592148799988,-21.0,1.0,wm,3
22,165,135.015625,1,5.6287223649997,29.984375,0.5,wm,3
22,40,211.328125,1,3.28133985300155,8.67187499999999,0.5,wm,3
22,9,201.5234375,2,3.67695917000128,-12.5234375,1.0,wm,3
22,165,153.34375,3,4.92915169700063,11.65625,0.5,wm,3
22,51,212.5859375,2,11.4521580729997,18.4140625,0.5,wm,3
22,103,113.8515625,1,2.53829101900192,-10.8515625,1.0,wm,3
22,163,134.0,2,2.42977935300041,29.0,0.5,wm,3
22,143,315.34375,1,3.33064201100024,7.65624999999998,1.0,wm,3
22,96,278.6015625,3,2.46729601300103,-2.60156249999996,0.5,wm,3
22,144,141.09375,3,2.04869733099986,2.90625,1.0,wm,3
22,78,231.671875,2,2.46565690200077,26.328125,0.5,wm,3
22,122,320.3515625,3,2.23405914100113,-18.3515625,1.0,wm,3
22,21,214.3046875,3,1.68833612500202,-13.3046875,1.0,wm,3
22,125,136.0703125,2,2.88451581600202,-11.0703125,0.5,wm,3
22,51,244.0,1,1.49011138300011,-13.0,0.5,wm,3
22,131,315.7578125,3,2.22365012400041,-4.75781249999999,1.0,wm,3
22,117,251.65625,1,1.93102226500014,45.34375,1.0,wm,3
22,66,228.6953125,2,2.24001381600101,17.3046875,1.0,wm,3
22,46,47.34375,2,2.27026505400136,-1.34375,0.5,wm,3
22,158,334.1171875,2,2.64337183800126,3.88281250000004,1.0,wm,3
22,119,135.046875,3,2.07192507500076,-16.046875,0.5,wm,3
22,61,230.3671875,2,1.58717593199981,10.6328125,0.5,wm,3
22,55,41.5546875,1,1.37126372900093,13.4453125,0.5,wm,3
22,68,110.4140625,2,1.63294030700126,-42.4140625,1.0,wm,3
22,28,239.2421875,2,2.06073548200038,-31.2421875,1.0,wm,3
22,172,169.6875,1,4.37998722900011,2.31250000000002,0.5,wm,3
22,107,77.984375,1,2.03051948199936,29.015625,1.0,wm,3
22,104,302.0,3,1.4003453180012,-18.0,1.0,wm,3
22,42,237.984375,3,3.65259070899992,-15.984375,1.0,wm,3
22,112,251.2421875,2,2.48429972600206,40.7578125,0.5,wm,3
22,32,250.265625,1,2.61640492100014,-38.265625,0.5,wm,3
22,171,132.9296875,1,2.88170339900171,38.0703125,1.0,wm,3
22,34,33.703125,3,4.20363335799993,0.296875000000007,0.5,wm,3
22,108,152.0,2,2.72183835200121,-44.0,1.0,wm,3
22,14,205.625,1,3.26578958199934,-11.625,0.5,wm,3
22,114,319.65625,2,3.88521166100145,-25.65625,0.5,wm,3
22,99,282.5625,3,2.58089901099993,-3.56250000000003,0.5,wm,3
22,83,56.0,3,1.44401098600065,27.0,1.0,wm,3
23,178,33.8515625,1,1.7863670609986,-35.8515625,1.0,wm,3
23,53,20.453125,1,1.82935061600074,32.546875,0.5,wm,3
23,105,291.390625,3,3.20869401100208,-6.39062500000003,1.0,wm,3
23,169,179.4921875,3,2.14611232800235,-10.4921875,1.0,wm,3
23,100,106.1171875,2,2.08940947300289,-6.1171875,0.5,wm,3
23,152,332.6171875,3,1.80212748700069,-0.617187500000034,0.5,wm,3
23,39,225.921875,4,1.67528884100102,-6.92187499999999,1.0,wm,3
23,64,311.59375,1,1.93006610000157,-67.59375,1.0,wm,3
23,130,234.3359375,1,4.07924867499969,75.6640625,1.0,wm,3
23,35,55.0625,2,4.47840745100257,-20.0625,0.5,wm,3
23,13,242.9296875,1,5.43009453200284,-49.9296875,0.5,wm,3
23,136,4.4140625,1,1.33649435400002,-48.4140625,1.0,wm,3
23,144,7.125,1,1.99457674900259,-43.125,1.0,wm,3
23,33,34.0,3,1.61863943000208,-1.00000000000001,1.0,wm,3
23,86,320.3828125,3,3.34895860300094,-54.3828125,0.5,wm,3
23,141,139.5234375,1,4.3894233760002,1.47656250000002,1.0,wm,3
23,143,142.0390625,3,2.61217366799974,0.960937500000001,1.0,wm,3
23,60,241.625,3,5.42534031300238,-1.625,0.5,wm,3
23,127,56.5859375,3,7.61917950100178,70.4140625,1.0,wm,3
23,80,272.15625,3,4.2646399740006,-12.15625,1.0,wm,3
23,105,71.140625,1,3.49241712300136,33.859375,0.5,wm,3
23,157,165.34375,3,1.40157041500061,-8.34375000000001,1.0,wm,3
23,64,52.734375,3,2.598447493001,11.265625,1.0,wm,3
23,140,137.03125,3,1.35051726999882,2.96874999999999,0.5,wm,3
23,120,329.328125,1,1.6346684329983,-29.328125,1.0,wm,3
23,72,151.4453125,2,1.90686102299878,-79.4453125,0.5,wm,3
23,148,334.453125,2,1.53349222000179,-6.45312500000001,0.5,wm,3
23,116,230.21875,1,2.42076402000021,65.78125,0.5,wm,3
23,14,245.1640625,2,2.66064490999997,-51.1640625,0.5,wm,3
23,41,131.671875,1,1.52915790499901,89.328125,1.0,wm,3
23,70,65.671875,1,1.89117846600129,4.328125,0.5,wm,3
23,50,233.4609375,1,3.25099996600329,-3.46093749999997,0.5,wm,3
23,27,39.9375,1,2.92568755600223,-12.9375,1.0,wm,3
23,58,37.2109375,2,1.65427774999989,20.7890625,0.5,wm,3
23,21,34.8828125,1,4.51047474599909,-13.8828125,1.0,wm,3
23,27,2.5625,3,5.56937112100059,24.4375,1.0,wm,3
23,76,84.9140625,4,2.94145112499973,-8.9140625,0.5,wm,3
23,146,130.3046875,4,1.8911827209995,15.6953125,0.5,wm,3
23,151,146.6328125,4,1.79949442400175,4.36718749999999,0.5,wm,3
23,150,328.453125,4,1.72342714100159,1.54687500000003,0.5,wm,3
23,148,326.9140625,4,2.93264283099779,1.08593750000003,1.0,wm,3
23,41,56.9921875,4,2.32512392600256,-15.9921875,1.0,wm,3
23,151,154.1875,4,1.73796170800051,-3.18750000000002,0.5,wm,3
23,89,270.9296875,4,3.17892850300268,-1.92968749999998,0.5,wm,3
23,1,181.125,1,2.28222679600003,-0.124999999999992,1.0,wm,3
23,162,133.875,1,2.59986881900113,28.125,0.5,wm,3
23,74,248.3046875,3,1.945529179,5.69531250000002,0.5,wm,3
23,37,150.0859375,3,2.71179944400137,66.9140625,0.5,wm,3
23,124,236.859375,1,2.2721058749994,67.140625,1.0,wm,3
23,110,120.3203125,3,2.3329014780029,-10.3203125,1.0,wm,3
23,95,307.359375,1,1.49692553300338,-32.359375,0.5,wm,3
23,59,66.4375,4,2.79665689100148,-7.4375,0.5,wm,3
23,3,0.9921875,4,3.48217582099824,2.0078125,1.0,wm,3
23,142,122.5625,4,1.76037916100177,19.4375,1.0,wm,3
23,105,289.390625,4,1.86768777500038,-4.39062499999995,1.0,wm,3
23,118,317.1796875,1,1.73723329400309,-19.1796875,1.0,wm,3
23,107,128.7109375,2,2.17330079000021,-21.7109375,0.5,wm,3
23,72,70.3203125,2,2.09706630000073,1.67968749999999,1.0,wm,3
23,101,184.6171875,2,2.80419405400244,-83.6171875,0.5,wm,3
23,63,241.890625,4,1.59347602200069,1.10937499999999,1.0,wm,3
